role	coordinate	path	sha256
model-pom	org.springframework.boot:spring-boot-starter-parent:4.1.1	/home/phuclam/.m2/repository/org/springframework/boot/spring-boot-starter-parent/4.1.1/spring-boot-starter-parent-4.1.1.pom	04cc8a51d17b04d518c232ab5423fb3b9ca6c9eb95d2562800267a6bf991f953
model-pom	org.springframework.boot:spring-boot-dependencies:4.1.1	/home/phuclam/.m2/repository/org/springframework/boot/spring-boot-dependencies/4.1.1/spring-boot-dependencies-4.1.1.pom	1c929eeccb48f8ee12225e9fec725177170b89575754bd903f184c185db77775
model-pom	org.springframework.modulith:spring-modulith-bom:2.1.1	/home/phuclam/.m2/repository/org/springframework/modulith/spring-modulith-bom/2.1.1/spring-modulith-bom-2.1.1.pom	5e2328347d25da291cafe0da00042eb6eb89113db7140627192d60f01b2603a5
model-pom	org.apache.activemq:activemq-bom:6.2.9	/home/phuclam/.m2/repository/org/apache/activemq/activemq-bom/6.2.9/activemq-bom-6.2.9.pom	58d6066427076cdf112a6806d21d44d4055ec4638de50ce90c64c5212060c0ca
model-pom	org.apache.artemis:artemis-bom:2.53.0	/home/phuclam/.m2/repository/org/apache/artemis/artemis-bom/2.53.0/artemis-bom-2.53.0.pom	2b340bfc5fa24d378462d5c32067ca1a61e34c6ecc82f1ef6ca2d91c310de5f6
model-pom	org.apache.artemis:artemis-project:2.53.0	/home/phuclam/.m2/repository/org/apache/artemis/artemis-project/2.53.0/artemis-project-2.53.0.pom	cf475bbf4556bf371d51f36ac60c28c275ae753d857470076f04ff27dc5b9875
model-pom	org.apache:apache:37	/home/phuclam/.m2/repository/org/apache/apache/37/apache-37.pom	524ec4787aff73af6b3a9fafa154c7f1881b648299b663fdbfcadda1286f2353
model-pom	org.assertj:assertj-bom:3.27.7	/home/phuclam/.m2/repository/org/assertj/assertj-bom/3.27.7/assertj-bom-3.27.7.pom	1c09f6c04c905e1e5cdb22d5dfa5f11a496e19e881de0850b523ed53a0519f5b
model-pom	io.zipkin.reporter2:zipkin-reporter-bom:3.5.3	/home/phuclam/.m2/repository/io/zipkin/reporter2/zipkin-reporter-bom/3.5.3/zipkin-reporter-bom-3.5.3.pom	9ded09773b9bfded5117c2d92b7db3356b3f89c0173948e02bbdbb9d0a7e0dc9
model-pom	io.zipkin.brave:brave-bom:6.3.1	/home/phuclam/.m2/repository/io/zipkin/brave/brave-bom/6.3.1/brave-bom-6.3.1.pom	a026b36dbdcee2c3ade9d35aef1f644d97477065fac54333f23867db0bac6e67
model-pom	org.apache.cassandra:java-driver-bom:4.19.3	/home/phuclam/.m2/repository/org/apache/cassandra/java-driver-bom/4.19.3/java-driver-bom-4.19.3.pom	3c22d6c861b59c2e44f7fe727c69d931691c6162a51294af646df2623c3e3ef0
model-pom	org.apache.groovy:groovy-bom:5.0.8	/home/phuclam/.m2/repository/org/apache/groovy/groovy-bom/5.0.8/groovy-bom-5.0.8.pom	82fd5e38fb6147f9cf798769bf9c007cdca3ab8b32abadaa110761fc90678273
model-pom	io.grpc:grpc-bom:1.83.1	/home/phuclam/.m2/repository/io/grpc/grpc-bom/1.83.1/grpc-bom-1.83.1.pom	58cc1c0c0e6dc3aa28a6b8f6c8cc1cbdbdc47843cfba282d07f694c2b1af4f8b
model-pom	org.infinispan:infinispan-bom:16.1.4	/home/phuclam/.m2/repository/org/infinispan/infinispan-bom/16.1.4/infinispan-bom-16.1.4.pom	aeabde04eca66e1ac30f9df3cc36c9b07a25a37c52043b33418e274ce5a23616
model-pom	com.fasterxml.jackson:jackson-bom:2.21.5	/home/phuclam/.m2/repository/com/fasterxml/jackson/jackson-bom/2.21.5/jackson-bom-2.21.5.pom	57fe22dec659de0655357fad0582ef7c8b2fe5a8906a6f1ff1bcbbd1e4554846
model-pom	com.fasterxml.jackson:jackson-parent:2.21	/home/phuclam/.m2/repository/com/fasterxml/jackson/jackson-parent/2.21/jackson-parent-2.21.pom	3851df627faeb46887b956104630b74a8bbb5f7de22e974cf15982e20e0373de
model-pom	com.fasterxml:oss-parent:75	/home/phuclam/.m2/repository/com/fasterxml/oss-parent/75/oss-parent-75.pom	fcbbf1c18c9047e6917d384f2064e21b42a58fc85fb0523a9e2e015eff7c619d
model-pom	tools.jackson:jackson-bom:3.1.5	/home/phuclam/.m2/repository/tools/jackson/jackson-bom/3.1.5/jackson-bom-3.1.5.pom	14fdbdcbb6a6023cadbffaadc878d66c5cf94f51c8162b9ffefc257e742412f4
model-pom	com.fasterxml:oss-parent:79	/home/phuclam/.m2/repository/com/fasterxml/oss-parent/79/oss-parent-79.pom	9206b7dd67fb138036576c3dfca947a2a8f3e2c4d2d9c1f2d1dea519b3a4dae1
model-pom	org.glassfish.jersey:jersey-bom:4.0.2	/home/phuclam/.m2/repository/org/glassfish/jersey/jersey-bom/4.0.2/jersey-bom-4.0.2.pom	1233e0d0e57d7d20b311de46364f611782d096a324a4fb4acc40c55157a182e7
model-pom	org.eclipse.ee4j:project:1.0.9	/home/phuclam/.m2/repository/org/eclipse/ee4j/project/1.0.9/project-1.0.9.pom	825379934a1cf29249f349f2d18adaf79a7b2cb2dbe231518974e1ee70941c17
model-pom	org.eclipse.jetty.ee11:jetty-ee11-bom:12.1.12	/home/phuclam/.m2/repository/org/eclipse/jetty/ee11/jetty-ee11-bom/12.1.12/jetty-ee11-bom-12.1.12.pom	93366f7912df3e2f31494de93b21ad8d3e96bc7c453f7720f4e5cfcc0b01b1aa
model-pom	org.eclipse.jetty:jetty-bom:12.1.12	/home/phuclam/.m2/repository/org/eclipse/jetty/jetty-bom/12.1.12/jetty-bom-12.1.12.pom	2224b2517c5a6db9bd59141d28f494179b89bb167b0aefda3c0d9fed7cdae4c3
model-pom	org.jooq:jooq-bom:3.21.7	/home/phuclam/.m2/repository/org/jooq/jooq-bom/3.21.7/jooq-bom-3.21.7.pom	bebdffd7ef2143f5562c18287868a6c8d156ea71a39a1a0b23d9dfcd154097ea
model-pom	org.junit:junit-bom:6.0.3	/home/phuclam/.m2/repository/org/junit/junit-bom/6.0.3/junit-bom-6.0.3.pom	a655b6a5dc00d1bebc91fb2b15c0c7e8aeac9d6bdcf879595505370e27530287
model-pom	org.jetbrains.kotlin:kotlin-bom:2.3.21	/home/phuclam/.m2/repository/org/jetbrains/kotlin/kotlin-bom/2.3.21/kotlin-bom-2.3.21.pom	950704bad04c5143656cfca1d2c574f25fcad9cac33905ab22a57e9fdf7bfd88
model-pom	org.jetbrains.kotlinx:kotlinx-coroutines-bom:1.10.2	/home/phuclam/.m2/repository/org/jetbrains/kotlinx/kotlinx-coroutines-bom/1.10.2/kotlinx-coroutines-bom-1.10.2.pom	faf0c6538e53ddc0499a63664d8e763c216580b2e18e722ccbdf1b431a6afe26
model-pom	org.jetbrains.kotlinx:kotlinx-serialization-bom:1.11.0	/home/phuclam/.m2/repository/org/jetbrains/kotlinx/kotlinx-serialization-bom/1.11.0/kotlinx-serialization-bom-1.11.0.pom	3be221b6da86dcda51cac6c4b2404b89e95ab09cc8d06a05689be2ef36735dec
model-pom	org.apache.logging.log4j:log4j-bom:2.25.5	/home/phuclam/.m2/repository/org/apache/logging/log4j/log4j-bom/2.25.5/log4j-bom-2.25.5.pom	5b56489b405c305a2918eea9a4ac00fd26093d5535d1e7ee2f564ac35b4b5fa0
model-pom	io.micrometer:micrometer-bom:1.17.1	/home/phuclam/.m2/repository/io/micrometer/micrometer-bom/1.17.1/micrometer-bom-1.17.1.pom	fe5cf39403f24296f899f014b25196a670bd8f62ff1c8761782d50c1c4e2b4cc
model-pom	io.micrometer:micrometer-tracing-bom:1.7.1	/home/phuclam/.m2/repository/io/micrometer/micrometer-tracing-bom/1.7.1/micrometer-tracing-bom-1.7.1.pom	34fd5628eda9c82d41842f5b11e7cc5a9503cbf44fe73f50ce84eab9b050242c
model-pom	org.mockito:mockito-bom:5.23.0	/home/phuclam/.m2/repository/org/mockito/mockito-bom/5.23.0/mockito-bom-5.23.0.pom	0af961e05dbd5d694ca59c7c99f37246527fe500e99293de65be3330438fd195
model-pom	org.mongodb:mongodb-driver-bom:5.8.1	/home/phuclam/.m2/repository/org/mongodb/mongodb-driver-bom/5.8.1/mongodb-driver-bom-5.8.1.pom	48926ddfeb33ad57a4ae6e03821600e69dc8e470e95e53ed8ce9b20a2df39ace
model-pom	org.neo4j.driver:neo4j-java-driver-bom:6.1.0	/home/phuclam/.m2/repository/org/neo4j/driver/neo4j-java-driver-bom/6.1.0/neo4j-java-driver-bom-6.1.0.pom	50b210d07520785a7cd1ded50bd947944541292ffa69dc5b6abd6084e08c2399
model-pom	org.neo4j.bolt:neo4j-bolt-connection-bom:11.0.2	/home/phuclam/.m2/repository/org/neo4j/bolt/neo4j-bolt-connection-bom/11.0.2/neo4j-bolt-connection-bom-11.0.2.pom	aa2c7efd9ac1285bcd7a8ae63d8822975cff1d8047016581b0d83b8e5a6a5200
model-pom	io.netty:netty-bom:4.2.17.Final	/home/phuclam/.m2/repository/io/netty/netty-bom/4.2.17.Final/netty-bom-4.2.17.Final.pom	0951aa35bdcbf6dbc87af75a67e9af43c01687ed571f77c2e9195417c3afe969
model-pom	org.sonatype.oss:oss-parent:7	/home/phuclam/.m2/repository/org/sonatype/oss/oss-parent/7/oss-parent-7.pom	b51f8867c92b6a722499557fc3a1fdea77bdf9ef574722fe90ce436a29559454
model-pom	io.opentelemetry:opentelemetry-bom:1.62.0	/home/phuclam/.m2/repository/io/opentelemetry/opentelemetry-bom/1.62.0/opentelemetry-bom-1.62.0.pom	d854f79a86be682184cf1d7f721fa74483dc7234a8434172ccf843036a344f98
model-pom	io.prometheus:prometheus-metrics-bom:1.7.0	/home/phuclam/.m2/repository/io/prometheus/prometheus-metrics-bom/1.7.0/prometheus-metrics-bom-1.7.0.pom	70401d17338b4bc8368ab0e98592798d82ff9b11895d56b9cb9872cb85e17994
model-pom	io.prometheus:client_java_parent:1.7.0	/home/phuclam/.m2/repository/io/prometheus/client_java_parent/1.7.0/client_java_parent-1.7.0.pom	fac00f4574437f3320b83a5465269041c88c588b9663ee85b8a1a4a00f708ec0
model-pom	io.prometheus:simpleclient_bom:0.16.0	/home/phuclam/.m2/repository/io/prometheus/simpleclient_bom/0.16.0/simpleclient_bom-0.16.0.pom	af441d3295de11a70e35febeb3d919ba2ed17552753163325b954d53594d55c3
model-pom	io.prometheus:parent:0.16.0	/home/phuclam/.m2/repository/io/prometheus/parent/0.16.0/parent-0.16.0.pom	722b55119097b04d711479dfb60dd54b27b5920a1aeb7702027c44a215ffc596
model-pom	org.apache.pulsar:pulsar-bom:4.2.4	/home/phuclam/.m2/repository/org/apache/pulsar/pulsar-bom/4.2.4/pulsar-bom-4.2.4.pom	faa58e6c199e52e0eb762b7b66822110ad576eaf8cadf6e14c1fab133cf70e10
model-pom	org.apache:apache:35	/home/phuclam/.m2/repository/org/apache/apache/35/apache-35.pom	ea297dcd114136e8b8e8b630230d52a76c2fc69f6c5db25d672b1857000728b8
model-pom	com.google.protobuf:protobuf-bom:4.35.1	/home/phuclam/.m2/repository/com/google/protobuf/protobuf-bom/4.35.1/protobuf-bom-4.35.1.pom	08eec56bd1611b40c471f4b6146d0a67bc154b35b55e0014e872a0d2b74373d5
model-pom	com.querydsl:querydsl-bom:5.1.0	/home/phuclam/.m2/repository/com/querydsl/querydsl-bom/5.1.0/querydsl-bom-5.1.0.pom	8853dce132c9ece4c295c7f4d4f3c2832eee0d7d44930870c0666fa72043ca56
model-pom	io.projectreactor:reactor-bom:2025.0.7	/home/phuclam/.m2/repository/io/projectreactor/reactor-bom/2025.0.7/reactor-bom-2025.0.7.pom	64d2e4ea0fa087c4ccc9fe0cba3efed13dcbf883cf32d3f344a5788db8195334
model-pom	io.rsocket:rsocket-bom:1.1.5	/home/phuclam/.m2/repository/io/rsocket/rsocket-bom/1.1.5/rsocket-bom-1.1.5.pom	0a4e1375cc8c14ecfe31221940681798ef8a7b8af6e8968e363f15c0ed478c3f
model-pom	org.seleniumhq.selenium:selenium-bom:4.43.0	/home/phuclam/.m2/repository/org/seleniumhq/selenium/selenium-bom/4.43.0/selenium-bom-4.43.0.pom	5e4f359f35628282770c29398d342c2665ebb1ed66d390b8c37d925a1ea8a6a6
model-pom	org.springframework.amqp:spring-amqp-bom:4.1.1	/home/phuclam/.m2/repository/org/springframework/amqp/spring-amqp-bom/4.1.1/spring-amqp-bom-4.1.1.pom	78414ff82ec6c5bb5543640e9b5f173533a06e2762925b6818b0389fefea75ba
model-pom	org.springframework.batch:spring-batch-bom:6.0.5	/home/phuclam/.m2/repository/org/springframework/batch/spring-batch-bom/6.0.5/spring-batch-bom-6.0.5.pom	1121ef96ed46057d1253fb42e8a0133b894b0291361c8ec5af4923d1618e949e
model-pom	org.springframework.data:spring-data-bom:2026.0.1	/home/phuclam/.m2/repository/org/springframework/data/spring-data-bom/2026.0.1/spring-data-bom-2026.0.1.pom	4115847b8f35c68d9cbc2fb401b42bf46a37bc433b5c9ef22d2370a3bc3c406e
model-pom	org.springframework:spring-framework-bom:7.0.9	/home/phuclam/.m2/repository/org/springframework/spring-framework-bom/7.0.9/spring-framework-bom-7.0.9.pom	4565ecf946e47282687067ff5b4d97b66e23cbd9912d7e38241c2149cffc83c0
model-pom	org.springframework.integration:spring-integration-bom:7.1.1	/home/phuclam/.m2/repository/org/springframework/integration/spring-integration-bom/7.1.1/spring-integration-bom-7.1.1.pom	c1dda466757886297fb5473ae7806e895dc9acd6d8e669039b7775e90e780645
model-pom	org.springframework.pulsar:spring-pulsar-bom:2.0.7	/home/phuclam/.m2/repository/org/springframework/pulsar/spring-pulsar-bom/2.0.7/spring-pulsar-bom-2.0.7.pom	d0c4f0772b56c538962db6eb3052b74916b3e9f5eff8136fdc0b7f454dc6c524
model-pom	org.springframework.restdocs:spring-restdocs-bom:4.0.1	/home/phuclam/.m2/repository/org/springframework/restdocs/spring-restdocs-bom/4.0.1/spring-restdocs-bom-4.0.1.pom	2743ac8ffcdbba07ede1dfbff2fb167fa39697007517b46c0d48bec89a2d9c62
model-pom	org.springframework.security:spring-security-bom:7.1.1	/home/phuclam/.m2/repository/org/springframework/security/spring-security-bom/7.1.1/spring-security-bom-7.1.1.pom	7834dd258168a5f9a4d2992aa2cfd2a4b9532f4607b93ffb632946113fd61791
model-pom	org.springframework.session:spring-session-bom:4.1.1	/home/phuclam/.m2/repository/org/springframework/session/spring-session-bom/4.1.1/spring-session-bom-4.1.1.pom	879adbcf032f2b5a38c3efa1fbb78e5f4ff280b0d55a61377f71dec34ad7406d
model-pom	org.springframework.ws:spring-ws-bom:5.0.2	/home/phuclam/.m2/repository/org/springframework/ws/spring-ws-bom/5.0.2/spring-ws-bom-5.0.2.pom	1e357a81e78cd8620f23bf95d3c66c1a2719fe5444deae10f2430acacdabd96f
model-pom	org.testcontainers:testcontainers-bom:2.0.5	/home/phuclam/.m2/repository/org/testcontainers/testcontainers-bom/2.0.5/testcontainers-bom-2.0.5.pom	bbba1376021fbf4e14663a61f10cd1aff14a5d74fb55f1a14be6fd6de83d7eef
model-pom	org.springframework.boot:spring-boot-starter:4.1.1	/home/phuclam/.m2/repository/org/springframework/boot/spring-boot-starter/4.1.1/spring-boot-starter-4.1.1.pom	ac8d3998f63e729d9d811d0ba2b2d07c1e9687aa202ba33d203f41b6ba4721b6
model-pom	org.springframework.boot:spring-boot-autoconfigure:4.1.1	/home/phuclam/.m2/repository/org/springframework/boot/spring-boot-autoconfigure/4.1.1/spring-boot-autoconfigure-4.1.1.pom	4296618022d0b939d1e526ab401b43660f34953530b414dd74743c3b1fb4ee82
model-pom	org.springframework.boot:spring-boot:4.1.1	/home/phuclam/.m2/repository/org/springframework/boot/spring-boot/4.1.1/spring-boot-4.1.1.pom	9f154863aaa9a3dfc98de4c6be59feb68fa3a594a305dd6591b2ed9cc4b9a80b
model-pom	org.springframework:spring-core:7.0.9	/home/phuclam/.m2/repository/org/springframework/spring-core/7.0.9/spring-core-7.0.9.pom	2e706b82c4dfbf3ad2a7a59176821550baba49a4b1f791136842d224ab7757ff
model-pom	commons-logging:commons-logging:1.3.6	/home/phuclam/.m2/repository/commons-logging/commons-logging/1.3.6/commons-logging-1.3.6.pom	49fc185139bdd0c6c4adf440721e3279cb5342906bcd01a7a89399ceeaa78e85
model-pom	org.apache.commons:commons-parent:97	/home/phuclam/.m2/repository/org/apache/commons/commons-parent/97/commons-parent-97.pom	14366dcbef67a69bb2a8fe9ca7289c215381c5c25093542a499f9d523a2cad7b
model-pom	org.junit:junit-bom:5.14.2	/home/phuclam/.m2/repository/org/junit/junit-bom/5.14.2/junit-bom-5.14.2.pom	ed2dcc7855bd460bccc93a1bf0c962e63b566ff7d8f1ded0f1f2593ba8183aaf
model-pom	org.jspecify:jspecify:1.0.1	/home/phuclam/.m2/repository/org/jspecify/jspecify/1.0.1/jspecify-1.0.1.pom	55b38bf1a7b1d8ea518cf2f4f3ae9aaa236e61bbf0b6bd31ffb49753a059dd5e
model-pom	org.springframework:spring-context:7.0.9	/home/phuclam/.m2/repository/org/springframework/spring-context/7.0.9/spring-context-7.0.9.pom	2acb4ac44a7ffac104c2b8eb9b595ad342459acd503806588e7e2f7ac73df5e0
model-pom	org.springframework:spring-aop:7.0.9	/home/phuclam/.m2/repository/org/springframework/spring-aop/7.0.9/spring-aop-7.0.9.pom	3d92b6a5afb119e6a0bfe0f0c2eef71961e01cd120b676b59c1d39ad7e320aca
model-pom	org.springframework:spring-beans:7.0.9	/home/phuclam/.m2/repository/org/springframework/spring-beans/7.0.9/spring-beans-7.0.9.pom	5d16df49927351da326714c3dfa3e1dd53fd271057e34265b9256377d1fe6d16
model-pom	org.springframework:spring-expression:7.0.9	/home/phuclam/.m2/repository/org/springframework/spring-expression/7.0.9/spring-expression-7.0.9.pom	d0ac675cf4da02b56a5cb3140f533ba7dd7d95b9f1c6d69ad49492b17c83584e
model-pom	io.micrometer:micrometer-observation:1.17.1	/home/phuclam/.m2/repository/io/micrometer/micrometer-observation/1.17.1/micrometer-observation-1.17.1.pom	af6167ebad3cf1c2eef590a5e567d5342245b8aa2b0ded93ca04fffc466225cc
model-pom	io.micrometer:micrometer-commons:1.17.1	/home/phuclam/.m2/repository/io/micrometer/micrometer-commons/1.17.1/micrometer-commons-1.17.1.pom	fbe9f83528b2779be9db1a1fb37e41684de24835af6558aaf25d73723d41da5f
model-pom	jakarta.annotation:jakarta.annotation-api:3.0.0	/home/phuclam/.m2/repository/jakarta/annotation/jakarta.annotation-api/3.0.0/jakarta.annotation-api-3.0.0.pom	9fc66a87375df8443aba6bdcc1d4ff07f126542583785a482a9262a19bfe8eae
model-pom	org.yaml:snakeyaml:2.6	/home/phuclam/.m2/repository/org/yaml/snakeyaml/2.6/snakeyaml-2.6.pom	2773b0e948964d21e37b0e1dcf39025e627b873e0ce6aa2a47e23c374303e0c4
model-pom	org.springframework.boot:spring-boot-starter-log4j2:4.1.1	/home/phuclam/.m2/repository/org/springframework/boot/spring-boot-starter-log4j2/4.1.1/spring-boot-starter-log4j2-4.1.1.pom	063c489bb8a6ad59b2f9fab2d4bbcc3ac8d27a4a41be9ab40798e2f4e186429d
model-pom	org.apache.logging.log4j:log4j-slf4j2-impl:2.25.5	/home/phuclam/.m2/repository/org/apache/logging/log4j/log4j-slf4j2-impl/2.25.5/log4j-slf4j2-impl-2.25.5.pom	0c75b7be5c884c39d76148c35466b8e3d1b0c06501eb8d2c817a72303ddc8fdb
model-pom	org.apache.logging.log4j:log4j:2.25.5	/home/phuclam/.m2/repository/org/apache/logging/log4j/log4j/2.25.5/log4j-2.25.5.pom	00faeca1c624b9773a71b0fcff8fbd195e5101a4782aab085d74a6fb469881bd
model-pom	org.apache.groovy:groovy-bom:4.0.27	/home/phuclam/.m2/repository/org/apache/groovy/groovy-bom/4.0.27/groovy-bom-4.0.27.pom	aa44eb52bfdfe61d27b3e450d2b348d88deaa3437ab4d9d49a84095348f9f6fb
model-pom	com.fasterxml.jackson:jackson-bom:2.19.1	/home/phuclam/.m2/repository/com/fasterxml/jackson/jackson-bom/2.19.1/jackson-bom-2.19.1.pom	ba6d68eeab3a1cc13a77a8ade2197ff9a32aa1cffeac72847d49badd82e1b9ce
model-pom	com.fasterxml.jackson:jackson-parent:2.19.2	/home/phuclam/.m2/repository/com/fasterxml/jackson/jackson-parent/2.19.2/jackson-parent-2.19.2.pom	639a2b63dd05da4e381081303985caadfbb7ad9f85b1d2320638f6b11f208365
model-pom	com.fasterxml:oss-parent:68	/home/phuclam/.m2/repository/com/fasterxml/oss-parent/68/oss-parent-68.pom	25eafd96dae242b6b5a7108f55b2c14015b828daa5abe234289fd6e774a1ce57
model-pom	jakarta.platform:jakarta.jakartaee-bom:9.1.0	/home/phuclam/.m2/repository/jakarta/platform/jakarta.jakartaee-bom/9.1.0/jakarta.jakartaee-bom-9.1.0.pom	df98e0266219fdbb82562826d79a3a20776a8ba02aa787f0f0765a538654c8a4
model-pom	jakarta.platform:jakartaee-api-parent:9.1.0	/home/phuclam/.m2/repository/jakarta/platform/jakartaee-api-parent/9.1.0/jakartaee-api-parent-9.1.0.pom	a7702c487026802784b5797b62330a8b8d6592bf0f4737b25c67a5eac82659c0
model-pom	org.eclipse.ee4j:project:1.0.7	/home/phuclam/.m2/repository/org/eclipse/ee4j/project/1.0.7/project-1.0.7.pom	205c039a42cbae3556efbeb04a483eb3a3cf9550bd75bf84260dc8f28218f105
model-pom	org.junit:junit-bom:5.13.2	/home/phuclam/.m2/repository/org/junit/junit-bom/5.13.2/junit-bom-5.13.2.pom	43b1104fb3fd4ef4b72a9751d41e09c29f001c8be00ff3972238dc169a734b49
model-pom	org.mockito:mockito-bom:4.11.0	/home/phuclam/.m2/repository/org/mockito/mockito-bom/4.11.0/mockito-bom-4.11.0.pom	d8531a746c988f7f68ed5f188cdea945006aea993ec5df9e524e0d27d61491da
model-pom	org.springframework:spring-framework-bom:5.3.39	/home/phuclam/.m2/repository/org/springframework/spring-framework-bom/5.3.39/spring-framework-bom-5.3.39.pom	f6d481093e75767cba1ac7e1db38f8f692cbe3e38744693371a75aeb21c6148b
model-pom	org.apache.logging.log4j:log4j-api:2.25.5	/home/phuclam/.m2/repository/org/apache/logging/log4j/log4j-api/2.25.5/log4j-api-2.25.5.pom	035b3e6057d26535cac74e5333403a797460ebef0b9313b844826140ed36de67
model-pom	org.slf4j:slf4j-api:2.0.18	/home/phuclam/.m2/repository/org/slf4j/slf4j-api/2.0.18/slf4j-api-2.0.18.pom	6c2c7f2c02774cc2b7b619fbd2df7873cdad29718926e44754b87f70d1eb43cb
model-pom	org.slf4j:slf4j-parent:2.0.18	/home/phuclam/.m2/repository/org/slf4j/slf4j-parent/2.0.18/slf4j-parent-2.0.18.pom	0b3896bedad2c9ed9697edcbea1da0c54cd238a723583a81358a83bfb782e9fa
model-pom	org.slf4j:slf4j-bom:2.0.18	/home/phuclam/.m2/repository/org/slf4j/slf4j-bom/2.0.18/slf4j-bom-2.0.18.pom	9219aab601575126c4e66e1331eb2b0c6c17a330ac4d5a07e3cd11d580a0c12d
model-pom	org.apache.logging.log4j:log4j-core:2.25.5	/home/phuclam/.m2/repository/org/apache/logging/log4j/log4j-core/2.25.5/log4j-core-2.25.5.pom	1a40b0cb45343690306f7e2d9f49f66ed4ed5f65717167ee73c747da230eb2be
model-pom	org.apache.logging.log4j:log4j-jul:2.25.5	/home/phuclam/.m2/repository/org/apache/logging/log4j/log4j-jul/2.25.5/log4j-jul-2.25.5.pom	978ffb3b52ff2fc6fbfa5f5723a44c6e738afbb3899fc5f0ff792c6c3f16769b
model-pom	org.springframework.boot:spring-boot-starter-webmvc:4.1.1	/home/phuclam/.m2/repository/org/springframework/boot/spring-boot-starter-webmvc/4.1.1/spring-boot-starter-webmvc-4.1.1.pom	b7fe43b5610b0b3dd5521cf42d7ba3e8eabd6ad3e785462da250338b62ba1455
model-pom	org.springframework.boot:spring-boot-starter-logging:4.1.1	/home/phuclam/.m2/repository/org/springframework/boot/spring-boot-starter-logging/4.1.1/spring-boot-starter-logging-4.1.1.pom	c058557e43629ced77ca8e215202d9b8889e8c5a3c1c2b63ef3afc358456a360
model-pom	ch.qos.logback:logback-classic:1.5.38	/home/phuclam/.m2/repository/ch/qos/logback/logback-classic/1.5.38/logback-classic-1.5.38.pom	63313f843b669c60255e66f2c52a9c1d3af3787009d9f389159e35a691b63857
model-pom	ch.qos.logback:logback-parent:1.5.38	/home/phuclam/.m2/repository/ch/qos/logback/logback-parent/1.5.38/logback-parent-1.5.38.pom	2bce3a61a6449adb9a0722e1c0c1e391533880ba02916d3df83208999aea6c66
model-pom	ch.qos.logback:logback-core:1.5.38	/home/phuclam/.m2/repository/ch/qos/logback/logback-core/1.5.38/logback-core-1.5.38.pom	dba1707f025202fe344052163c3419a0f03d056777ac5c346175e5523c937d60
model-pom	org.apache.logging.log4j:log4j-to-slf4j:2.25.5	/home/phuclam/.m2/repository/org/apache/logging/log4j/log4j-to-slf4j/2.25.5/log4j-to-slf4j-2.25.5.pom	3baf24b64811bfc634adf68b1872166f4a696d04ad48e380a7a7e0a8c9818d5a
model-pom	org.slf4j:jul-to-slf4j:2.0.18	/home/phuclam/.m2/repository/org/slf4j/jul-to-slf4j/2.0.18/jul-to-slf4j-2.0.18.pom	eae8e0ffbd8b31fa8f8a610d62d387b4e10295ba74d0e14d66404560b74d8295
model-pom	org.springframework.boot:spring-boot-starter-jackson:4.1.1	/home/phuclam/.m2/repository/org/springframework/boot/spring-boot-starter-jackson/4.1.1/spring-boot-starter-jackson-4.1.1.pom	772fe20da73cdf4482f98751ee9bb8396a47cedc231777e783e17de14f96288a
model-pom	org.springframework.boot:spring-boot-jackson:4.1.1	/home/phuclam/.m2/repository/org/springframework/boot/spring-boot-jackson/4.1.1/spring-boot-jackson-4.1.1.pom	8eb9beb669e93a47483f3410b6146a20045c0026246e194250938d4f5892c259
model-pom	tools.jackson.core:jackson-databind:3.1.5	/home/phuclam/.m2/repository/tools/jackson/core/jackson-databind/3.1.5/jackson-databind-3.1.5.pom	936e8997b549de56212543c2abf9e91fba0946be514afa956d714c2dc29ea2c8
model-pom	tools.jackson:jackson-base:3.1.5	/home/phuclam/.m2/repository/tools/jackson/jackson-base/3.1.5/jackson-base-3.1.5.pom	0313762c0c54afaf85b4c0f86165814ccbe7d4e70b3e13ae34bd1517708eceb9
model-pom	com.fasterxml.jackson.core:jackson-annotations:2.21	/home/phuclam/.m2/repository/com/fasterxml/jackson/core/jackson-annotations/2.21/jackson-annotations-2.21.pom	71cac5392151e2a528cc9a09179f0a334179f05c52f8e596cf58ddf12bb27f2b
model-pom	tools.jackson.core:jackson-core:3.1.5	/home/phuclam/.m2/repository/tools/jackson/core/jackson-core/3.1.5/jackson-core-3.1.5.pom	d05c1f9f436866306d26b8f482ce49507d2a5f5e0816e3a07f35096b9f83e1ba
model-pom	org.springframework.boot:spring-boot-starter-tomcat:4.1.1	/home/phuclam/.m2/repository/org/springframework/boot/spring-boot-starter-tomcat/4.1.1/spring-boot-starter-tomcat-4.1.1.pom	cae74c3615a2504d089cbc8fb05b87154dbece21a44a14e18002314515ce910d
model-pom	org.springframework.boot:spring-boot-starter-tomcat-runtime:4.1.1	/home/phuclam/.m2/repository/org/springframework/boot/spring-boot-starter-tomcat-runtime/4.1.1/spring-boot-starter-tomcat-runtime-4.1.1.pom	d3a6146c7d15443e44a1ebbb6bd0dccf98c490150df2d9213b55c5cc64968b26
model-pom	org.springframework.boot:spring-boot-tomcat:4.1.1	/home/phuclam/.m2/repository/org/springframework/boot/spring-boot-tomcat/4.1.1/spring-boot-tomcat-4.1.1.pom	8ec7f7939e8d7cbd993a5175eaa1609672fe01040daa92e11623ae608c6afc49
model-pom	org.springframework.boot:spring-boot-web-server:4.1.1	/home/phuclam/.m2/repository/org/springframework/boot/spring-boot-web-server/4.1.1/spring-boot-web-server-4.1.1.pom	a604dca8459f591df53e4bf9e06611b280cbe3df94b83ccb723f27e568646598
model-pom	org.apache.tomcat.embed:tomcat-embed-core:11.0.24	/home/phuclam/.m2/repository/org/apache/tomcat/embed/tomcat-embed-core/11.0.24/tomcat-embed-core-11.0.24.pom	b11369a1c7766d659a3cad9dde3717d6bd811c59de9819274f960e87608dc1ef
model-pom	org.apache.tomcat.embed:tomcat-embed-el:11.0.24	/home/phuclam/.m2/repository/org/apache/tomcat/embed/tomcat-embed-el/11.0.24/tomcat-embed-el-11.0.24.pom	c144c7c259fd437b64efd59d718d3aa735c55f6134d80f78fac0c1b3f8fe7336
model-pom	org.apache.tomcat.embed:tomcat-embed-websocket:11.0.24	/home/phuclam/.m2/repository/org/apache/tomcat/embed/tomcat-embed-websocket/11.0.24/tomcat-embed-websocket-11.0.24.pom	853814754b0157c19327fd4af2ac88689adb02011403f06a3033f89bbf40df53
model-pom	org.springframework:spring-web:7.0.9	/home/phuclam/.m2/repository/org/springframework/spring-web/7.0.9/spring-web-7.0.9.pom	d4dcffdbbf8714ace6304c6d12bfe0e2ccd365809e98ba6288763dd933bb0962
model-pom	org.springframework.boot:spring-boot-http-converter:4.1.1	/home/phuclam/.m2/repository/org/springframework/boot/spring-boot-http-converter/4.1.1/spring-boot-http-converter-4.1.1.pom	5cc2393869b9ebcc7b5f69dfbcaaa689f0bebc1bc73b7c68f5848807a837a73a
model-pom	org.springframework.boot:spring-boot-webmvc:4.1.1	/home/phuclam/.m2/repository/org/springframework/boot/spring-boot-webmvc/4.1.1/spring-boot-webmvc-4.1.1.pom	534076d67e8dc7ff9392cd9951badf98dbcf1e95442d38971c4ef52b8e0ed4c1
model-pom	org.springframework.boot:spring-boot-servlet:4.1.1	/home/phuclam/.m2/repository/org/springframework/boot/spring-boot-servlet/4.1.1/spring-boot-servlet-4.1.1.pom	290d5fd2aacc45b28a477cfc03620791bc2d82f5cdcdcc9614f3168a06f0dfe8
model-pom	org.springframework:spring-webmvc:7.0.9	/home/phuclam/.m2/repository/org/springframework/spring-webmvc/7.0.9/spring-webmvc-7.0.9.pom	86549176d6579a496881dac41308c3673d8975a7cc7b3d92e6e6453fbbc3f402
model-pom	org.springframework.boot:spring-boot-starter-jdbc:4.1.1	/home/phuclam/.m2/repository/org/springframework/boot/spring-boot-starter-jdbc/4.1.1/spring-boot-starter-jdbc-4.1.1.pom	42a3b91926ff6e95824d93e7e02b536cd979c43c0e64f68c09ce4a4405fb45e8
model-pom	org.springframework.boot:spring-boot-jdbc:4.1.1	/home/phuclam/.m2/repository/org/springframework/boot/spring-boot-jdbc/4.1.1/spring-boot-jdbc-4.1.1.pom	ed5f6bbc6a2faf7c659e0433e45f4c5b2490767129dc7a6d37211b7b4882f27f
model-pom	org.springframework.boot:spring-boot-sql:4.1.1	/home/phuclam/.m2/repository/org/springframework/boot/spring-boot-sql/4.1.1/spring-boot-sql-4.1.1.pom	5fb51c61e2c6dbfbbc5bf634794eef0061812d499c48ae67eb9b5a936cec7750
model-pom	org.springframework.boot:spring-boot-transaction:4.1.1	/home/phuclam/.m2/repository/org/springframework/boot/spring-boot-transaction/4.1.1/spring-boot-transaction-4.1.1.pom	37363be2775566c8f70fe0e6446bd43f73736f94a6917b2f47a51d47aa4eaaa8
model-pom	org.springframework.boot:spring-boot-persistence:4.1.1	/home/phuclam/.m2/repository/org/springframework/boot/spring-boot-persistence/4.1.1/spring-boot-persistence-4.1.1.pom	8246b9c60c05e54189eae307326c99f11dd039b3d35d6bc05af3098f5ffaf405
model-pom	org.springframework:spring-tx:7.0.9	/home/phuclam/.m2/repository/org/springframework/spring-tx/7.0.9/spring-tx-7.0.9.pom	c5a36e0f99c40608fa3a6d308b983d04f4a8a5802d005c0c42f8ad1650b83fe3
model-pom	org.springframework:spring-jdbc:7.0.9	/home/phuclam/.m2/repository/org/springframework/spring-jdbc/7.0.9/spring-jdbc-7.0.9.pom	f29554e6fb1a353aaf83efab35b84f49405eb499f89bab03af1ff8e17381b5f0
model-pom	com.zaxxer:HikariCP:7.0.2	/home/phuclam/.m2/repository/com/zaxxer/HikariCP/7.0.2/HikariCP-7.0.2.pom	662a87f80487be89bd77296213e91108ff9f01ed0d9a90f9a4e21263cc49e73e
model-pom	org.springframework.boot:spring-boot-starter-flyway:4.1.1	/home/phuclam/.m2/repository/org/springframework/boot/spring-boot-starter-flyway/4.1.1/spring-boot-starter-flyway-4.1.1.pom	9df409ce25ab14579ee362608c382e30cd1844f34d8260e7b51ac082f7c36cb4
model-pom	org.springframework.boot:spring-boot-flyway:4.1.1	/home/phuclam/.m2/repository/org/springframework/boot/spring-boot-flyway/4.1.1/spring-boot-flyway-4.1.1.pom	663ffdb1eb8c74da80c8c2c261482a38357bba9521929ab427dff19efad88151
model-pom	org.flywaydb:flyway-core:12.4.0	/home/phuclam/.m2/repository/org/flywaydb/flyway-core/12.4.0/flyway-core-12.4.0.pom	31432b9590cfeaf495603eeb7c86e52061a4a8b9cca1331b4df167ed4b2285be
model-pom	org.flywaydb:flyway-parent:12.4.0	/home/phuclam/.m2/repository/org/flywaydb/flyway-parent/12.4.0/flyway-parent-12.4.0.pom	70767d82783ee14e0ac0b7be78a68ebd92308c9bebe5c3f8925d24db4ac54088
model-pom	io.netty:netty-bom:4.2.12.Final	/home/phuclam/.m2/repository/io/netty/netty-bom/4.2.12.Final/netty-bom-4.2.12.Final.pom	4b1eac8791c931a33d9e2fb8c083432552cf87469db419b7d2434178e34f070c
model-pom	org.flywaydb:flyway-database-postgresql:12.4.0	/home/phuclam/.m2/repository/org/flywaydb/flyway-database-postgresql/12.4.0/flyway-database-postgresql-12.4.0.pom	e61221d4404382f791988a2ccd9bed83a1ea0b4be4d2d3d906ce4485ee7fa658
model-pom	org.postgresql:postgresql:42.7.13	/home/phuclam/.m2/repository/org/postgresql/postgresql/42.7.13/postgresql-42.7.13.pom	3957417ecaee342521b61310fdc21bd37fcb8bba3f7547ece9b78fd03cd53f26
model-pom	org.checkerframework:checker-qual:3.55.1	/home/phuclam/.m2/repository/org/checkerframework/checker-qual/3.55.1/checker-qual-3.55.1.pom	627d92aa92fd4d6bb8c2b56bcbb38543417f49d38b5a62fbdb4aeff551e7b760
model-pom	org.springframework.modulith:spring-modulith-starter-core:2.1.1	/home/phuclam/.m2/repository/org/springframework/modulith/spring-modulith-starter-core/2.1.1/spring-modulith-starter-core-2.1.1.pom	1881e31bbb49203ccd0f2ef63a315fdd80afe7db7cc60f4b236f8f65920b19fe
model-pom	org.springframework.modulith:spring-modulith-api:2.1.1	/home/phuclam/.m2/repository/org/springframework/modulith/spring-modulith-api/2.1.1/spring-modulith-api-2.1.1.pom	e7172f7ea9d2f94c0a6417e9bcfbdcda987061c290721a3285f379cd34a937d5
model-pom	org.springframework.modulith:spring-modulith-apt:2.1.1	/home/phuclam/.m2/repository/org/springframework/modulith/spring-modulith-apt/2.1.1/spring-modulith-apt-2.1.1.pom	a2b183673e122bd682b01ae1c6649a4d8dce7f2bdf46433cb6e5887dd2ec92f0
model-pom	org.springframework.modulith:spring-modulith-core:2.1.1	/home/phuclam/.m2/repository/org/springframework/modulith/spring-modulith-core/2.1.1/spring-modulith-core-2.1.1.pom	73fdfbca5ff04bbaac09dda456a1dbba2df755db9120ec5b929e372d650661e0
model-pom	com.tngtech.archunit:archunit:1.4.2	/home/phuclam/.m2/repository/com/tngtech/archunit/archunit/1.4.2/archunit-1.4.2.pom	05618298545286d697fa6d066f65aebff7f68e8ec88cbf2c3e7d77ce18f26636
model-pom	org.springframework.modulith:spring-modulith-moments:2.1.1	/home/phuclam/.m2/repository/org/springframework/modulith/spring-modulith-moments/2.1.1/spring-modulith-moments-2.1.1.pom	8c045d70be066aef8c089e4647377fcbcf245a69d3d8e973474f6903924a96ad
model-pom	org.jmolecules:jmolecules-events:2.0.1	/home/phuclam/.m2/repository/org/jmolecules/jmolecules-events/2.0.1/jmolecules-events-2.0.1.pom	70627a4707b69e121be3034dfd52b313581287320150c74b201ba0c0a1d30b83
model-pom	org.jmolecules:jstereotype:2.0.1	/home/phuclam/.m2/repository/org/jmolecules/jstereotype/2.0.1/jstereotype-2.0.1.pom	b3ee5749ed45a0691a27b8dd16ec516567f1a0216e99d44d2b61ea4885f8a01a
model-pom	org.springframework.security:spring-security-crypto:7.1.1	/home/phuclam/.m2/repository/org/springframework/security/spring-security-crypto/7.1.1/spring-security-crypto-7.1.1.pom	1424b8fd27fd47ac9f644cda0b7467a6eee136c22cddf689cd2fb250518f7d93
model-pom	org.springframework.boot:spring-boot-starter-security:4.1.1	/home/phuclam/.m2/repository/org/springframework/boot/spring-boot-starter-security/4.1.1/spring-boot-starter-security-4.1.1.pom	37ec153c9b2ab4dd9e962035863ec2f1538611c11be91389821e6415d69786bd
model-pom	org.springframework.boot:spring-boot-security:4.1.1	/home/phuclam/.m2/repository/org/springframework/boot/spring-boot-security/4.1.1/spring-boot-security-4.1.1.pom	51a0d7306d5bb8612716a45303b2a2288efae842ff2f17d0a570618bb4b32b69
model-pom	org.springframework.security:spring-security-config:7.1.1	/home/phuclam/.m2/repository/org/springframework/security/spring-security-config/7.1.1/spring-security-config-7.1.1.pom	897ddd133b4d030a4cde109bd5a93a6c32c07446f530068cf48b0626891e2765
model-pom	org.springframework.security:spring-security-core:7.1.1	/home/phuclam/.m2/repository/org/springframework/security/spring-security-core/7.1.1/spring-security-core-7.1.1.pom	ace492a3cd6802f4af8009af31a8582f1973d96aee4e7848823359d93bc08ac7
model-pom	org.springframework.security:spring-security-web:7.1.1	/home/phuclam/.m2/repository/org/springframework/security/spring-security-web/7.1.1/spring-security-web-7.1.1.pom	c2973fb16cdab4e3a58b230bdc8d9cb5e022a3d09c2efc4ec0cadd1fca03a2e1
model-pom	org.springframework.boot:spring-boot-starter-test:4.1.1	/home/phuclam/.m2/repository/org/springframework/boot/spring-boot-starter-test/4.1.1/spring-boot-starter-test-4.1.1.pom	fc61e7c04ede189353d80a8fc296837d6c97031ecac8f1107aa55dd9d6c2a5b7
model-pom	org.springframework.boot:spring-boot-test:4.1.1	/home/phuclam/.m2/repository/org/springframework/boot/spring-boot-test/4.1.1/spring-boot-test-4.1.1.pom	77ca57958c253cfe4a9304c79faa3717d7c943dce8a1e84bac9ece3470b48ee6
model-pom	org.springframework:spring-test:7.0.9	/home/phuclam/.m2/repository/org/springframework/spring-test/7.0.9/spring-test-7.0.9.pom	cb24a320511fed8bfdc113c6230cfcbcef3f4c241c77a1e150b2f3b1849ee799
model-pom	org.springframework.boot:spring-boot-test-autoconfigure:4.1.1	/home/phuclam/.m2/repository/org/springframework/boot/spring-boot-test-autoconfigure/4.1.1/spring-boot-test-autoconfigure-4.1.1.pom	61e70da47fdf1baf854b7ab9198c6bcabab26e1a766b8ae3c2b648362d1dea89
model-pom	com.jayway.jsonpath:json-path:2.10.0	/home/phuclam/.m2/repository/com/jayway/jsonpath/json-path/2.10.0/json-path-2.10.0.pom	68caa1e4610b9657ca9a3cb8ee6a6f92be3223197dfa1aa4f2a98c2f4f5f04e5
model-pom	net.minidev:json-smart:2.6.0	/home/phuclam/.m2/repository/net/minidev/json-smart/2.6.0/json-smart-2.6.0.pom	83f193cfaef334ee79a249453042ed5f084db8cd9c916a2387b436e9a8fb73a7
model-pom	net.minidev:accessors-smart:2.6.0	/home/phuclam/.m2/repository/net/minidev/accessors-smart/2.6.0/accessors-smart-2.6.0.pom	268315791ec661e28614f461212c06181c06a042733428d8ba711f0aad56e9f9
model-pom	org.ow2.asm:asm:9.7.1	/home/phuclam/.m2/repository/org/ow2/asm/asm/9.7.1/asm-9.7.1.pom	7229b03b30a73ee91008072d9e4569a51d8547fae8c50f527841aef4c1b0baa8
model-pom	org.ow2:ow2:1.5.1	/home/phuclam/.m2/repository/org/ow2/ow2/1.5.1/ow2-1.5.1.pom	321ddbb7ee6fe4f53dea6b4cd6db74154d6bfa42391c1f763b361b9f485acf05
model-pom	jakarta.xml.bind:jakarta.xml.bind-api:4.0.5	/home/phuclam/.m2/repository/jakarta/xml/bind/jakarta.xml.bind-api/4.0.5/jakarta.xml.bind-api-4.0.5.pom	596f65494651b79eb589b2f579a5686fabcd5cbb68f2c928c1cf360341d68c16
model-pom	jakarta.xml.bind:jakarta.xml.bind-api-parent:4.0.5	/home/phuclam/.m2/repository/jakarta/xml/bind/jakarta.xml.bind-api-parent/4.0.5/jakarta.xml.bind-api-parent-4.0.5.pom	68e78c21a934cd37ab48c07a95aa7f8cbb98cafcfa2bb9ef92d54399accdbf15
model-pom	jakarta.activation:jakarta.activation-api:2.1.4	/home/phuclam/.m2/repository/jakarta/activation/jakarta.activation-api/2.1.4/jakarta.activation-api-2.1.4.pom	7577970dc09f1131a4a42769e1771ed062f08d22f40da3041ff3e16d5b2fdea8
model-pom	org.assertj:assertj-core:3.27.7	/home/phuclam/.m2/repository/org/assertj/assertj-core/3.27.7/assertj-core-3.27.7.pom	95a10dcfb3ba9aad4d0b5e9c523a8d583377bee5ecd4ba37e19e55a34667f079
model-pom	net.bytebuddy:byte-buddy:1.18.11	/home/phuclam/.m2/repository/net/bytebuddy/byte-buddy/1.18.11/byte-buddy-1.18.11.pom	f8b85a4a50bf6d725b6031429ab08110d054917cfb65af4d668b9ddb70691d0d
model-pom	net.bytebuddy:byte-buddy-parent:1.18.11	/home/phuclam/.m2/repository/net/bytebuddy/byte-buddy-parent/1.18.11/byte-buddy-parent-1.18.11.pom	895d3d042a9acebc5bcb643946af5a59bcb203544f38f41c67bd5021011aa3ed
model-pom	org.awaitility:awaitility:4.3.0	/home/phuclam/.m2/repository/org/awaitility/awaitility/4.3.0/awaitility-4.3.0.pom	ec817516c83141a33f695ff8f4d73ca6df3af268c3ab377e5cee7effccca8140
model-pom	org.awaitility:awaitility-parent:4.3.0	/home/phuclam/.m2/repository/org/awaitility/awaitility-parent/4.3.0/awaitility-parent-4.3.0.pom	7af9ce8a09581211557e6cc8e2909bd80666b34e922a28587c773096c1022093
model-pom	org.sonatype.oss:oss-parent:9	/home/phuclam/.m2/repository/org/sonatype/oss/oss-parent/9/oss-parent-9.pom	fb40265f982548212ff82e362e59732b2187ec6f0d80182885c14ef1f982827a
model-pom	org.hamcrest:hamcrest:3.0	/home/phuclam/.m2/repository/org/hamcrest/hamcrest/3.0/hamcrest-3.0.pom	4a04a68133bf32461f47b8a53c8ee9df4ce2f49a0dad9794bce8717bee5bac31
model-pom	org.junit.jupiter:junit-jupiter:6.0.3	/home/phuclam/.m2/repository/org/junit/jupiter/junit-jupiter/6.0.3/junit-jupiter-6.0.3.pom	bced20e91aaa5677f1ba96fa6f718100ab83e894a52e9961b6004c056a1845ec
model-pom	org.junit.jupiter:junit-jupiter-api:6.0.3	/home/phuclam/.m2/repository/org/junit/jupiter/junit-jupiter-api/6.0.3/junit-jupiter-api-6.0.3.pom	766c80fb318e1600ebf6c9a921de801887b1548aa282d6ad69188b7608d56d47
model-pom	org.opentest4j:opentest4j:1.3.0	/home/phuclam/.m2/repository/org/opentest4j/opentest4j/1.3.0/opentest4j-1.3.0.pom	9bf7cffc410f3e8372c2522578df9ca56d9d43bd937e30948706c232a943b355
model-pom	org.junit.platform:junit-platform-commons:6.0.3	/home/phuclam/.m2/repository/org/junit/platform/junit-platform-commons/6.0.3/junit-platform-commons-6.0.3.pom	bdb8e24be97e0e59769f2164b5361f55227958df4103d68682f8779ad2ca8d7d
model-pom	org.apiguardian:apiguardian-api:1.1.2	/home/phuclam/.m2/repository/org/apiguardian/apiguardian-api/1.1.2/apiguardian-api-1.1.2.pom	32355081d109095c3d5d374d5a43b4f4c1b75d549e983ef50723e2772e5302a0
model-pom	org.junit.jupiter:junit-jupiter-params:6.0.3	/home/phuclam/.m2/repository/org/junit/jupiter/junit-jupiter-params/6.0.3/junit-jupiter-params-6.0.3.pom	995b64ecaa2227c4b55f3eb8e77735f544434a2ec2cfeed0605e8baf108263de
model-pom	org.junit.jupiter:junit-jupiter-engine:6.0.3	/home/phuclam/.m2/repository/org/junit/jupiter/junit-jupiter-engine/6.0.3/junit-jupiter-engine-6.0.3.pom	bafbc099326c1883f0ee1cb056d31b4222e26165f9f9aa9b896f3d3f78a31538
model-pom	org.junit.platform:junit-platform-engine:6.0.3	/home/phuclam/.m2/repository/org/junit/platform/junit-platform-engine/6.0.3/junit-platform-engine-6.0.3.pom	7a87d8c6a0a7db0260b00ce303180f6f41d040562895d6804619d5db6ee232be
model-pom	org.mockito:mockito-core:5.23.0	/home/phuclam/.m2/repository/org/mockito/mockito-core/5.23.0/mockito-core-5.23.0.pom	c02e2900b9277adbfe12756d7d0b9472e6b9e5972ae1f28d19a41aa6513777e3
model-pom	net.bytebuddy:byte-buddy-agent:1.18.11	/home/phuclam/.m2/repository/net/bytebuddy/byte-buddy-agent/1.18.11/byte-buddy-agent-1.18.11.pom	93960511a5894bcb62d97fa67305f20274eecc39d33fb3ac623c86cee096e5a3
model-pom	org.objenesis:objenesis:3.3	/home/phuclam/.m2/repository/org/objenesis/objenesis/3.3/objenesis-3.3.pom	ba0c40da2669a048b6e24ef7066a471f0fbcbfcc509e6a3e856ca4ddfa614ad3
model-pom	org.objenesis:objenesis-parent:3.3	/home/phuclam/.m2/repository/org/objenesis/objenesis-parent/3.3/objenesis-parent-3.3.pom	305c384aa2f1e1c7fe53a96da41c3ec35243b97d428d24a8f779818cc10be4ff
model-pom	org.mockito:mockito-junit-jupiter:5.23.0	/home/phuclam/.m2/repository/org/mockito/mockito-junit-jupiter/5.23.0/mockito-junit-jupiter-5.23.0.pom	b66d0df81aab2ed2fa53c990ea90c2f1f915031bc85e418602de4cfb8d2ad7e8
model-pom	org.skyscreamer:jsonassert:1.5.3	/home/phuclam/.m2/repository/org/skyscreamer/jsonassert/1.5.3/jsonassert-1.5.3.pom	c6a880737b6b3c8a27d9a05c6048536a7a70bb350cb91dce2336b6710a2ba628
model-pom	com.vaadin.external.google:android-json:0.0.20131108.vaadin1	/home/phuclam/.m2/repository/com/vaadin/external/google/android-json/0.0.20131108.vaadin1/android-json-0.0.20131108.vaadin1.pom	2ff6c17d9c060b89cd7ef18fa480ae2446eba86855a633f3892837fc3b848fef
model-pom	org.xmlunit:xmlunit-core:2.11.0	/home/phuclam/.m2/repository/org/xmlunit/xmlunit-core/2.11.0/xmlunit-core-2.11.0.pom	b6ba473c8f8e98baee71963949ec47538f696fdd206289e4962f5eb4ecfe7640
model-pom	org.xmlunit:xmlunit-parent:2.11.0	/home/phuclam/.m2/repository/org/xmlunit/xmlunit-parent/2.11.0/xmlunit-parent-2.11.0.pom	2effb33e41b5b0899bf4b7c8889ae20810f80c8aebee1844935758842527a4c2
model-pom	org.webjars:swagger-ui:5.32.14	/home/phuclam/.m2/repository/org/webjars/swagger-ui/5.32.14/swagger-ui-5.32.14.pom	0c70ae9c689d36f7dc598a1a986e16798cfd3ac2e10c518527ebe0090ca79304
server-compile	org.springframework.boot:spring-boot-starter:4.1.1	/home/phuclam/.m2/repository/org/springframework/boot/spring-boot-starter/4.1.1/spring-boot-starter-4.1.1.jar	de5b2dd28400eda20914fd4a6054d0c201e68d2e4de35a25a4d89f054ccc2e63
server-compile	org.springframework.boot:spring-boot-autoconfigure:4.1.1	/home/phuclam/.m2/repository/org/springframework/boot/spring-boot-autoconfigure/4.1.1/spring-boot-autoconfigure-4.1.1.jar	59228756ddd76cea050f95d86deff334789bc53b6688beaa673b1af2b9794592
server-compile	org.springframework.boot:spring-boot:4.1.1	/home/phuclam/.m2/repository/org/springframework/boot/spring-boot/4.1.1/spring-boot-4.1.1.jar	0d92b532b1d4020640e72d78c31af175c23db8e0ddd45b81855b7fdf4c9c70f0
server-compile	jakarta.annotation:jakarta.annotation-api:3.0.0	/home/phuclam/.m2/repository/jakarta/annotation/jakarta.annotation-api/3.0.0/jakarta.annotation-api-3.0.0.jar	b01f55552284cfb149411e64eabca75e942d26d2e1786b32914250e4330afaa2
server-compile	org.yaml:snakeyaml:2.6	/home/phuclam/.m2/repository/org/yaml/snakeyaml/2.6/snakeyaml-2.6.jar	c8f7a98e7394adda02f6317249710e4d1b4c7a25aa8c7eace0c2eea52eb8bf85
server-compile	org.springframework.boot:spring-boot-starter-log4j2:4.1.1	/home/phuclam/.m2/repository/org/springframework/boot/spring-boot-starter-log4j2/4.1.1/spring-boot-starter-log4j2-4.1.1.jar	cd4c58788a6c92f7f06a46fc888b0ed1e4eba1ff55bf901db6eeda2359e0693d
server-compile	org.apache.logging.log4j:log4j-slf4j2-impl:2.25.5	/home/phuclam/.m2/repository/org/apache/logging/log4j/log4j-slf4j2-impl/2.25.5/log4j-slf4j2-impl-2.25.5.jar	8cab16dd6fc4c8f14c1c473022cb217512f2bbb2d59a70f8ec90a268d64d8831
server-compile	org.apache.logging.log4j:log4j-api:2.25.5	/home/phuclam/.m2/repository/org/apache/logging/log4j/log4j-api/2.25.5/log4j-api-2.25.5.jar	64777f73ea0b3104c04eb82befbdccc30a425a19e83ad06cb2f93aa303511863
server-compile	org.slf4j:slf4j-api:2.0.18	/home/phuclam/.m2/repository/org/slf4j/slf4j-api/2.0.18/slf4j-api-2.0.18.jar	44508fd1576500688c790b190acdd16fec4f8c79a3e0b900afd70503cf055f55
server-compile	org.apache.logging.log4j:log4j-core:2.25.5	/home/phuclam/.m2/repository/org/apache/logging/log4j/log4j-core/2.25.5/log4j-core-2.25.5.jar	050c4f85deb48b055e9c041ac39043fbb79ce477841a11a1eb2969c86c6a0072
server-compile	org.apache.logging.log4j:log4j-jul:2.25.5	/home/phuclam/.m2/repository/org/apache/logging/log4j/log4j-jul/2.25.5/log4j-jul-2.25.5.jar	23c0b34c3c31811bea7716a33137d1e9e8e228f9f8c240b69f30cdca9afe9a7a
server-compile	org.springframework.boot:spring-boot-starter-webmvc:4.1.1	/home/phuclam/.m2/repository/org/springframework/boot/spring-boot-starter-webmvc/4.1.1/spring-boot-starter-webmvc-4.1.1.jar	4aec3edbdf6317fefe23db1b989d8bba143a45a51c1fc32346146ecebf67d625
server-compile	org.springframework.boot:spring-boot-starter-jackson:4.1.1	/home/phuclam/.m2/repository/org/springframework/boot/spring-boot-starter-jackson/4.1.1/spring-boot-starter-jackson-4.1.1.jar	d30e594a3e0f3a090438fc22000a87ab577a3b80c674180a10544ca331207f24
server-compile	org.springframework.boot:spring-boot-jackson:4.1.1	/home/phuclam/.m2/repository/org/springframework/boot/spring-boot-jackson/4.1.1/spring-boot-jackson-4.1.1.jar	69a9b4d8850a0532a5e44ff7306a03621485b26596e7f9481de7d28e68a2dd42
server-compile	org.springframework.boot:spring-boot-starter-tomcat:4.1.1	/home/phuclam/.m2/repository/org/springframework/boot/spring-boot-starter-tomcat/4.1.1/spring-boot-starter-tomcat-4.1.1.jar	f224d8504be3b413825ee85ef549a7b1598ee8512e062c6bd5ddce1043cd388a
server-compile	org.springframework.boot:spring-boot-starter-tomcat-runtime:4.1.1	/home/phuclam/.m2/repository/org/springframework/boot/spring-boot-starter-tomcat-runtime/4.1.1/spring-boot-starter-tomcat-runtime-4.1.1.jar	580f0d9a9d02a1a6e387640e422af42f9dbdf302836d562ec595fdb2b31a1c29
server-compile	org.springframework.boot:spring-boot-web-server:4.1.1	/home/phuclam/.m2/repository/org/springframework/boot/spring-boot-web-server/4.1.1/spring-boot-web-server-4.1.1.jar	6912fb1fdf7f657a61ac050760fa835fb1e7496399291697e2901f82887a4fee
server-compile	org.apache.tomcat.embed:tomcat-embed-core:11.0.24	/home/phuclam/.m2/repository/org/apache/tomcat/embed/tomcat-embed-core/11.0.24/tomcat-embed-core-11.0.24.jar	e7b966dcaac8c5ffa4f10e44031ebf5b71f2123560c08ac8b7120028615aea08
server-compile	org.apache.tomcat.embed:tomcat-embed-el:11.0.24	/home/phuclam/.m2/repository/org/apache/tomcat/embed/tomcat-embed-el/11.0.24/tomcat-embed-el-11.0.24.jar	ad0546f12dace008aacce18ba13222137760b310ca719e173d3e13021b9af6c6
server-compile	org.apache.tomcat.embed:tomcat-embed-websocket:11.0.24	/home/phuclam/.m2/repository/org/apache/tomcat/embed/tomcat-embed-websocket/11.0.24/tomcat-embed-websocket-11.0.24.jar	825160101f0da4a10e19b5730c2ae2f99f8c2c7a7211ac05562726c5e97ab91e
server-compile	org.springframework.boot:spring-boot-tomcat:4.1.1	/home/phuclam/.m2/repository/org/springframework/boot/spring-boot-tomcat/4.1.1/spring-boot-tomcat-4.1.1.jar	17f65629e4eb3c979c0572b69b57d630bb12e64869e9d7520adddaa6734256b6
server-compile	org.springframework.boot:spring-boot-http-converter:4.1.1	/home/phuclam/.m2/repository/org/springframework/boot/spring-boot-http-converter/4.1.1/spring-boot-http-converter-4.1.1.jar	52a167430a918c223b2ccd2eb62aff91a8e43e6daebe5a07caa37b9a04c61cb9
server-compile	org.springframework:spring-web:7.0.9	/home/phuclam/.m2/repository/org/springframework/spring-web/7.0.9/spring-web-7.0.9.jar	941ced476427bde2533872f293da535fd0258de3f3a650a7f1bfe01ed2927302
server-compile	io.micrometer:micrometer-observation:1.17.1	/home/phuclam/.m2/repository/io/micrometer/micrometer-observation/1.17.1/micrometer-observation-1.17.1.jar	eb34f0cd84a879393ae5c21160fc06385ccdc74f36a4d1e31b199f59acfdaf71
server-compile	io.micrometer:micrometer-commons:1.17.1	/home/phuclam/.m2/repository/io/micrometer/micrometer-commons/1.17.1/micrometer-commons-1.17.1.jar	f2cee6ef046e72eec8128474c7f58c6217173b45ae373c30de0289f2a56ab0fd
server-compile	org.springframework.boot:spring-boot-webmvc:4.1.1	/home/phuclam/.m2/repository/org/springframework/boot/spring-boot-webmvc/4.1.1/spring-boot-webmvc-4.1.1.jar	9f08c1fb938c45a8693fec5f3065be3aca203948a7ab4d56b06444986f75a6b2
server-compile	org.springframework.boot:spring-boot-servlet:4.1.1	/home/phuclam/.m2/repository/org/springframework/boot/spring-boot-servlet/4.1.1/spring-boot-servlet-4.1.1.jar	4dcb156e311a4c1ad5f1ed7eabd94a78ea74510b05c429a4fcfdcf8beb9d5882
server-compile	org.springframework:spring-webmvc:7.0.9	/home/phuclam/.m2/repository/org/springframework/spring-webmvc/7.0.9/spring-webmvc-7.0.9.jar	8f114c1461692c5e534e82b27de23b7fb23370db8dee7ce0c92d5106906c9555
server-compile	org.springframework:spring-expression:7.0.9	/home/phuclam/.m2/repository/org/springframework/spring-expression/7.0.9/spring-expression-7.0.9.jar	046434c40f43819729b9b1db0e6c659dfa68184c1c2c2efa5f7b3a5b27c4e2e2
server-compile	org.springframework.boot:spring-boot-starter-jdbc:4.1.1	/home/phuclam/.m2/repository/org/springframework/boot/spring-boot-starter-jdbc/4.1.1/spring-boot-starter-jdbc-4.1.1.jar	c51b28a3793168bff837eea90b1ae641efc3a28d6cdb980dd2b0b230914e93ee
server-compile	org.springframework.boot:spring-boot-jdbc:4.1.1	/home/phuclam/.m2/repository/org/springframework/boot/spring-boot-jdbc/4.1.1/spring-boot-jdbc-4.1.1.jar	30de56a06ccedb40245fd3a69a5107c7b3c0500447bb982a54a3b5da2859ae2c
server-compile	org.springframework.boot:spring-boot-sql:4.1.1	/home/phuclam/.m2/repository/org/springframework/boot/spring-boot-sql/4.1.1/spring-boot-sql-4.1.1.jar	fa4f6ddded1bb3bbc496897686336d8433e34f1f22daa886872be2aa184def23
server-compile	org.springframework.boot:spring-boot-transaction:4.1.1	/home/phuclam/.m2/repository/org/springframework/boot/spring-boot-transaction/4.1.1/spring-boot-transaction-4.1.1.jar	e7f2fad4fe65bf6aaf1b1a538a68a1cf69988adb558f4a0fc0992a8be4fddf64
server-compile	org.springframework.boot:spring-boot-persistence:4.1.1	/home/phuclam/.m2/repository/org/springframework/boot/spring-boot-persistence/4.1.1/spring-boot-persistence-4.1.1.jar	0f78d2556ac3ed75f9eaf3134a1fba94ad1ec3414b52aa279c1f690217e71e3c
server-compile	org.springframework:spring-tx:7.0.9	/home/phuclam/.m2/repository/org/springframework/spring-tx/7.0.9/spring-tx-7.0.9.jar	bfb15da6e096e2c0752e9db9987d2415bf0da1d744efc988535c10c6b6c2eedd
server-compile	org.springframework:spring-jdbc:7.0.9	/home/phuclam/.m2/repository/org/springframework/spring-jdbc/7.0.9/spring-jdbc-7.0.9.jar	ca0d9af1c5721eef8cac1f94c8b9d27a753248bc33c86e3472bd3d1dbd78f450
server-compile	com.zaxxer:HikariCP:7.0.2	/home/phuclam/.m2/repository/com/zaxxer/HikariCP/7.0.2/HikariCP-7.0.2.jar	f1e612fa27345be3107a85431e8a8aeb205c15364ab2f2d411e40a9d7bb08095
server-compile	org.springframework.boot:spring-boot-starter-flyway:4.1.1	/home/phuclam/.m2/repository/org/springframework/boot/spring-boot-starter-flyway/4.1.1/spring-boot-starter-flyway-4.1.1.jar	d9a454f49cc844b1c2940f645f659c506322d02444912422a19ba619de60e6c7
server-compile	org.springframework.boot:spring-boot-flyway:4.1.1	/home/phuclam/.m2/repository/org/springframework/boot/spring-boot-flyway/4.1.1/spring-boot-flyway-4.1.1.jar	61db32d08f2b1b04cf006e916575da22ecee0a2e0bb0604aca26c04f7bd4aa0e
server-compile	org.flywaydb:flyway-database-postgresql:12.4.0	/home/phuclam/.m2/repository/org/flywaydb/flyway-database-postgresql/12.4.0/flyway-database-postgresql-12.4.0.jar	abc075a5c3cbf37dc64b28fec7e2398fb14f31109f7ab6271854738797407b85
server-compile	org.flywaydb:flyway-core:12.4.0	/home/phuclam/.m2/repository/org/flywaydb/flyway-core/12.4.0/flyway-core-12.4.0.jar	c3f93df1f3e0c9d14652adb5ade97401f2ede503859ac693c2af5c06e2797799
server-compile	tools.jackson.core:jackson-databind:3.1.5	/home/phuclam/.m2/repository/tools/jackson/core/jackson-databind/3.1.5/jackson-databind-3.1.5.jar	3a2338d996fd3056791df8d335fa9ba8a62a706ed4245ecf81b3e583df37d08a
server-compile	com.fasterxml.jackson.core:jackson-annotations:2.21	/home/phuclam/.m2/repository/com/fasterxml/jackson/core/jackson-annotations/2.21/jackson-annotations-2.21.jar	53ca085f4a150f703f49e1aabd935bd03b43e1ea3d55d135438292af22cef56b
server-compile	tools.jackson.core:jackson-core:3.1.5	/home/phuclam/.m2/repository/tools/jackson/core/jackson-core/3.1.5/jackson-core-3.1.5.jar	9431b7fa2673bbb618c11d865fe15e13222fd182a214ff998cb7e56afd8f35d2
server-runtime	org.postgresql:postgresql:42.7.13	/home/phuclam/.m2/repository/org/postgresql/postgresql/42.7.13/postgresql-42.7.13.jar	6e0e4cc2d8cae902084f8a2b18728b073a6fd9d1f87c9d8bff8f298c18185b93
server-runtime	org.checkerframework:checker-qual:3.55.1	/home/phuclam/.m2/repository/org/checkerframework/checker-qual/3.55.1/checker-qual-3.55.1.jar	857658c8bdcbff794949a8d9922f88d63ee3751c203c7cd7d21ea97f9e745288
server-compile	org.springframework.modulith:spring-modulith-starter-core:2.1.1	/home/phuclam/.m2/repository/org/springframework/modulith/spring-modulith-starter-core/2.1.1/spring-modulith-starter-core-2.1.1.jar	9e22b7dc3b3e5959a081d8ce8d16c453267db86826c138e4f0cc32539b0297de
server-compile	org.springframework.modulith:spring-modulith-api:2.1.1	/home/phuclam/.m2/repository/org/springframework/modulith/spring-modulith-api/2.1.1/spring-modulith-api-2.1.1.jar	b8d083929e9f2078287619a81e01c9efc7bea5830fe03341608d283faffb37b2
server-compile	org.jspecify:jspecify:1.0.1	/home/phuclam/.m2/repository/org/jspecify/jspecify/1.0.1/jspecify-1.0.1.jar	070d75f261fe4c5b8202508366715f7f2d4660f88c8ef7e6d3575e48c9683b66
server-compile	org.springframework.modulith:spring-modulith-apt:2.1.1	/home/phuclam/.m2/repository/org/springframework/modulith/spring-modulith-apt/2.1.1/spring-modulith-apt-2.1.1.jar	4aa6d1ef0d932c99a648bb73665e4c89f17938574f1102e9bf27709199b9f5e2
server-runtime	org.springframework.modulith:spring-modulith-core:2.1.1	/home/phuclam/.m2/repository/org/springframework/modulith/spring-modulith-core/2.1.1/spring-modulith-core-2.1.1.jar	235b6d0a3cc43c2b5ece010df0e34a69bc0662982d4de9cc741185c73bff6c4a
server-runtime	com.tngtech.archunit:archunit:1.4.2	/home/phuclam/.m2/repository/com/tngtech/archunit/archunit/1.4.2/archunit-1.4.2.jar	6d8adf69a3f109ebe1b395764feb07f919e9e0e2ab5e2ea141d2e6251ba7d17f
server-compile	org.springframework:spring-context:7.0.9	/home/phuclam/.m2/repository/org/springframework/spring-context/7.0.9/spring-context-7.0.9.jar	7552a2fcfa30cea53eb14d7a65a7a8e1b1dd82e832a7164fb7e6fb105f438858
server-compile	org.springframework.modulith:spring-modulith-moments:2.1.1	/home/phuclam/.m2/repository/org/springframework/modulith/spring-modulith-moments/2.1.1/spring-modulith-moments-2.1.1.jar	ba89cc2edefc997ddab319aa0839709ab3647108296f53e00fcb1d13e91fef42
server-compile	org.jmolecules:jmolecules-events:2.0.1	/home/phuclam/.m2/repository/org/jmolecules/jmolecules-events/2.0.1/jmolecules-events-2.0.1.jar	2dd20f02039c825de38c381d76a0f5cc912b9ab85f9fb6dabf7b10c1c3c9e983
server-compile	org.jmolecules:jstereotype:2.0.1	/home/phuclam/.m2/repository/org/jmolecules/jstereotype/2.0.1/jstereotype-2.0.1.jar	8ee2277ede551ba969c381b2f90fb697a0fad610d1d1d2e432947c9bdcf19e7e
server-compile	org.springframework.security:spring-security-crypto:7.1.1	/home/phuclam/.m2/repository/org/springframework/security/spring-security-crypto/7.1.1/spring-security-crypto-7.1.1.jar	6e8bb2337faccabd30626f917ed1d2bfa9dde982229b6b373b644d1a01635403
server-compile	org.springframework.boot:spring-boot-starter-security:4.1.1	/home/phuclam/.m2/repository/org/springframework/boot/spring-boot-starter-security/4.1.1/spring-boot-starter-security-4.1.1.jar	38628875b75cbed6ba4642f3b0a4baf4735bd4f82b49450e4ae5a5e4d1b7b4a9
server-compile	org.springframework.boot:spring-boot-security:4.1.1	/home/phuclam/.m2/repository/org/springframework/boot/spring-boot-security/4.1.1/spring-boot-security-4.1.1.jar	c940697be9bc67820d5011b86d58105836b7cae7c8fb5d4e61d635b51b392cbe
server-compile	org.springframework.security:spring-security-config:7.1.1	/home/phuclam/.m2/repository/org/springframework/security/spring-security-config/7.1.1/spring-security-config-7.1.1.jar	1f947c853f14cab76563464ee22e72f6672f3913db52647d2f5d1df5f2b1e5a5
server-compile	org.springframework.security:spring-security-core:7.1.1	/home/phuclam/.m2/repository/org/springframework/security/spring-security-core/7.1.1/spring-security-core-7.1.1.jar	98a5011baa78df36fb184e6ce0e8e086ca9a64fcdd8f161c0a96475a3a0907bd
server-compile	org.springframework.security:spring-security-web:7.1.1	/home/phuclam/.m2/repository/org/springframework/security/spring-security-web/7.1.1/spring-security-web-7.1.1.jar	dece134a2332c976a2c94ecf13f816c64e8ea7f2139795485afe655fba0408f3
server-compile	org.springframework:spring-aop:7.0.9	/home/phuclam/.m2/repository/org/springframework/spring-aop/7.0.9/spring-aop-7.0.9.jar	b8c5d6bfcb1f4993f2cc124f7ab7fac40edf5256b9e43c2f7250a733cb5510e9
server-compile	org.springframework:spring-beans:7.0.9	/home/phuclam/.m2/repository/org/springframework/spring-beans/7.0.9/spring-beans-7.0.9.jar	ff218b827a25c9e8929b0cd56dfb56916cea9d5b669ed97dc7cb262508ff548b
server-test	org.springframework.boot:spring-boot-starter-test:4.1.1	/home/phuclam/.m2/repository/org/springframework/boot/spring-boot-starter-test/4.1.1/spring-boot-starter-test-4.1.1.jar	37baecb7fdf6bd5ffc1f88320b04ea166da0e0af0b22b35bca17d48bbc7a5d1e
server-test	org.springframework.boot:spring-boot-test:4.1.1	/home/phuclam/.m2/repository/org/springframework/boot/spring-boot-test/4.1.1/spring-boot-test-4.1.1.jar	c16efcceaf7c0f7fff6c2cbac5ba1e7e47ee68bacc6a446f8adfe07ffe4ea579
server-test	org.springframework.boot:spring-boot-test-autoconfigure:4.1.1	/home/phuclam/.m2/repository/org/springframework/boot/spring-boot-test-autoconfigure/4.1.1/spring-boot-test-autoconfigure-4.1.1.jar	fcae103bb2ca65226f225b846b210ba19fbfc42bdec1bf7009d3083baeb819b8
server-test	com.jayway.jsonpath:json-path:2.10.0	/home/phuclam/.m2/repository/com/jayway/jsonpath/json-path/2.10.0/json-path-2.10.0.jar	890daa95dd3892d34d9fabc27cd5153656e6f369358625c88f4dc7b79cbd6c5a
server-test	jakarta.xml.bind:jakarta.xml.bind-api:4.0.5	/home/phuclam/.m2/repository/jakarta/xml/bind/jakarta.xml.bind-api/4.0.5/jakarta.xml.bind-api-4.0.5.jar	5e489b6c874c4119e003ff1403db523ee3a8959ec499f3de29e77245efccf216
server-test	jakarta.activation:jakarta.activation-api:2.1.4	/home/phuclam/.m2/repository/jakarta/activation/jakarta.activation-api/2.1.4/jakarta.activation-api-2.1.4.jar	c9db52100ce6c8aac95cc39075f95720d2e561b11f8051b81c121ad4effd7004
server-test	net.minidev:json-smart:2.6.0	/home/phuclam/.m2/repository/net/minidev/json-smart/2.6.0/json-smart-2.6.0.jar	1ae4b561458afb540be8ec5c6dbb4f2e715a319a7ae64854998aaf924770d61b
server-test	net.minidev:accessors-smart:2.6.0	/home/phuclam/.m2/repository/net/minidev/accessors-smart/2.6.0/accessors-smart-2.6.0.jar	222c9f547bb20a99fc486403a398352d1306fb671b38abd7ecab6401df170e61
server-test	org.ow2.asm:asm:9.7.1	/home/phuclam/.m2/repository/org/ow2/asm/asm/9.7.1/asm-9.7.1.jar	8cadd43ac5eb6d09de05faecca38b917a040bb9139c7edeb4cc81c740b713281
server-test	org.assertj:assertj-core:3.27.7	/home/phuclam/.m2/repository/org/assertj/assertj-core/3.27.7/assertj-core-3.27.7.jar	c4a445426c3c2861666863b842cc4ec7bbb1c4226fefd370b6d2fe83d6c4ff0f
server-test	net.bytebuddy:byte-buddy:1.18.11	/home/phuclam/.m2/repository/net/bytebuddy/byte-buddy/1.18.11/byte-buddy-1.18.11.jar	e32f454c2c1f4aca982f9ec764ed892d9a6eee7e8a77f435cbdd180f6ffdb821
server-test	org.awaitility:awaitility:4.3.0	/home/phuclam/.m2/repository/org/awaitility/awaitility/4.3.0/awaitility-4.3.0.jar	ee58568ea5945dcf988551501655183dc184e23e45a8e013fdfd9036194e6f7b
server-test	org.hamcrest:hamcrest:3.0	/home/phuclam/.m2/repository/org/hamcrest/hamcrest/3.0/hamcrest-3.0.jar	5d66b6a4a680755cb6ed7cb104fa7835ef644667586ff0737adeb977c39ecdbc
server-test	org.junit.jupiter:junit-jupiter:6.0.3	/home/phuclam/.m2/repository/org/junit/jupiter/junit-jupiter/6.0.3/junit-jupiter-6.0.3.jar	784b65815f479a0c99a9d3a573b142e2a525efb6025d97f751b19e72f90aeda3
server-test	org.junit.jupiter:junit-jupiter-api:6.0.3	/home/phuclam/.m2/repository/org/junit/jupiter/junit-jupiter-api/6.0.3/junit-jupiter-api-6.0.3.jar	d655d7e6f0c7ae07f10a2f3bbaaebb6d30e9b26204a068ad9e9b3950aa28792c
server-test	org.opentest4j:opentest4j:1.3.0	/home/phuclam/.m2/repository/org/opentest4j/opentest4j/1.3.0/opentest4j-1.3.0.jar	48e2df636cab6563ced64dcdff8abb2355627cb236ef0bf37598682ddf742f1b
server-test	org.junit.platform:junit-platform-commons:6.0.3	/home/phuclam/.m2/repository/org/junit/platform/junit-platform-commons/6.0.3/junit-platform-commons-6.0.3.jar	39f262d09c3d52719fe0b77f080e90a3695e285d779a41b232e17963ae5da200
server-test	org.apiguardian:apiguardian-api:1.1.2	/home/phuclam/.m2/repository/org/apiguardian/apiguardian-api/1.1.2/apiguardian-api-1.1.2.jar	b509448ac506d607319f182537f0b35d71007582ec741832a1f111e5b5b70b38
server-test	org.junit.jupiter:junit-jupiter-params:6.0.3	/home/phuclam/.m2/repository/org/junit/jupiter/junit-jupiter-params/6.0.3/junit-jupiter-params-6.0.3.jar	cf2947e2302b9f8c8a059259a277881c1cadae8fbc2514c16a925cfeb7beb2e5
server-test	org.junit.jupiter:junit-jupiter-engine:6.0.3	/home/phuclam/.m2/repository/org/junit/jupiter/junit-jupiter-engine/6.0.3/junit-jupiter-engine-6.0.3.jar	1e2fab61ad27ea08fc7c70dd9677cf8c6d1ae5434d42dcfdd633b12c7e7c04d0
server-test	org.junit.platform:junit-platform-engine:6.0.3	/home/phuclam/.m2/repository/org/junit/platform/junit-platform-engine/6.0.3/junit-platform-engine-6.0.3.jar	491e9e4f745f161b8a8e4186a1a7c6a450ea12c70930c9aedae427215301d947
server-test	org.mockito:mockito-core:5.23.0	/home/phuclam/.m2/repository/org/mockito/mockito-core/5.23.0/mockito-core-5.23.0.jar	ae295bebd5d11fab97ab297815dc7617188b86003cbce3dfd5c0d5c3a6cc4a0c
server-test	net.bytebuddy:byte-buddy-agent:1.18.11	/home/phuclam/.m2/repository/net/bytebuddy/byte-buddy-agent/1.18.11/byte-buddy-agent-1.18.11.jar	780b3601c34150ab9fb822673c472f7229c1041e8e2a12facf6a5de9ba7a2d64
server-test	org.objenesis:objenesis:3.3	/home/phuclam/.m2/repository/org/objenesis/objenesis/3.3/objenesis-3.3.jar	02dfd0b0439a5591e35b708ed2f5474eb0948f53abf74637e959b8e4ef69bfeb
server-test	org.mockito:mockito-junit-jupiter:5.23.0	/home/phuclam/.m2/repository/org/mockito/mockito-junit-jupiter/5.23.0/mockito-junit-jupiter-5.23.0.jar	65938526fdc311bb3a1c0015eb1c8a0be81515aa998f22b9f4e92f1b668e4f63
server-test	org.skyscreamer:jsonassert:1.5.3	/home/phuclam/.m2/repository/org/skyscreamer/jsonassert/1.5.3/jsonassert-1.5.3.jar	719095c07d4203961320da593441d8b3b643c18eb1d81aa98ea933bb7eb351ba
server-test	com.vaadin.external.google:android-json:0.0.20131108.vaadin1	/home/phuclam/.m2/repository/com/vaadin/external/google/android-json/0.0.20131108.vaadin1/android-json-0.0.20131108.vaadin1.jar	dfb7bae2f404cfe0b72b4d23944698cb716b7665171812a0a4d0f5926c0fac79
server-compile	org.springframework:spring-core:7.0.9	/home/phuclam/.m2/repository/org/springframework/spring-core/7.0.9/spring-core-7.0.9.jar	5195f4722699b39878d99a832549fe65df2890b159d063b88fff31b1ca65ae36
server-compile	commons-logging:commons-logging:1.3.6	/home/phuclam/.m2/repository/commons-logging/commons-logging/1.3.6/commons-logging-1.3.6.jar	f8ead8943401081dea0aa824b5b1ba40a0e4ed297a572a0f02258150a0b62357
server-test	org.springframework:spring-test:7.0.9	/home/phuclam/.m2/repository/org/springframework/spring-test/7.0.9/spring-test-7.0.9.jar	6ce8fc116f5d309b9ac50a6738bd1b15ea4012a4a5563c0ee89b795bfc9af0dc
server-test	org.xmlunit:xmlunit-core:2.11.0	/home/phuclam/.m2/repository/org/xmlunit/xmlunit-core/2.11.0/xmlunit-core-2.11.0.jar	50970e6069c21182689eb44ae9f8193970e080b6f37fc13f22aa4201cca2dfe4
server-compile	org.webjars:swagger-ui:5.32.14	/home/phuclam/.m2/repository/org/webjars/swagger-ui/5.32.14/swagger-ui-5.32.14.jar	d17ca6b09c60518574c14d4a40318dc58a11ea92a962e94f30e5a286e1efa4a6
model-pom	org.codehaus.mojo:exec-maven-plugin:3.6.3	/home/phuclam/.m2/repository/org/codehaus/mojo/exec-maven-plugin/3.6.3/exec-maven-plugin-3.6.3.pom	d7c0c3c8739cdc3e7bb5905cf6bd274a4f7611b9b3800b2344bf90974b3e009d
model-pom	org.codehaus.mojo:mojo-parent:94	/home/phuclam/.m2/repository/org/codehaus/mojo/mojo-parent/94/mojo-parent-94.pom	d7e1a553ddc8746158dc3e4a0639bf4ac27f0d3685997e8ec95948cb2a69e134
model-pom	org.junit:junit-bom:5.14.0	/home/phuclam/.m2/repository/org/junit/junit-bom/5.14.0/junit-bom-5.14.0.pom	f5aa47b366483e8d1f9bef10e67a0c66f66afc0f331c9f966b1310bad60d0f6f
model-pom	org.apache.maven.resolver:maven-resolver-util:1.9.24	/home/phuclam/.m2/repository/org/apache/maven/resolver/maven-resolver-util/1.9.24/maven-resolver-util-1.9.24.pom	72fb9203656c9fcf187b59968f6c76a3532009fe8f240d4ad11764f4ba3e9df3
model-pom	org.apache.maven.resolver:maven-resolver:1.9.24	/home/phuclam/.m2/repository/org/apache/maven/resolver/maven-resolver/1.9.24/maven-resolver-1.9.24.pom	6ad2158ab7ea911d4e0b66ba3838f8e5b1d6b5ab31721770d914d0e8771d2917
model-pom	org.apache.maven:maven-parent:45	/home/phuclam/.m2/repository/org/apache/maven/maven-parent/45/maven-parent-45.pom	94fe869eb9b4ce9fce3995d05ea86b168c85d927f9d17beb814a1960c76d7e6f
model-pom	org.junit:junit-bom:5.13.1	/home/phuclam/.m2/repository/org/junit/junit-bom/5.13.1/junit-bom-5.13.1.pom	fa68451ea830572ed43ffe51d75b6a05f7a5e665a602a51f49d6be02063a65f3
model-pom	org.apache.maven.resolver:maven-resolver-api:1.9.24	/home/phuclam/.m2/repository/org/apache/maven/resolver/maven-resolver-api/1.9.24/maven-resolver-api-1.9.24.pom	97c497208afe007e11696c9deaa2e3022eb7de5ba9f20167e459aeb77d62cce7
model-pom	org.codehaus.plexus:plexus-utils:4.0.2	/home/phuclam/.m2/repository/org/codehaus/plexus/plexus-utils/4.0.2/plexus-utils-4.0.2.pom	5151c13bdd7cc3a5569583a7f4267392f013ffd3115eab8db5f86de420a366af
model-pom	org.codehaus.plexus:plexus-xml:3.0.1	/home/phuclam/.m2/repository/org/codehaus/plexus/plexus-xml/3.0.1/plexus-xml-3.0.1.pom	3242ddc20873f71b381c333b22afb9cf3596d6a63b6683036a16bd51bc8721a4
model-pom	org.codehaus.plexus:plexus:18	/home/phuclam/.m2/repository/org/codehaus/plexus/plexus/18/plexus-18.pom	b43ee89c8890b9e5bc48d079fcb4c44f082b5139253356dc455806a33c3dd8fd
model-pom	org.junit:junit-bom:5.10.2	/home/phuclam/.m2/repository/org/junit/junit-bom/5.10.2/junit-bom-5.10.2.pom	169dd904a4b0f6520cffe658cc62292bfe9f3c14a989fa92120724cde43a9968
model-pom	org.apache.commons:commons-exec:1.6.0	/home/phuclam/.m2/repository/org/apache/commons/commons-exec/1.6.0/commons-exec-1.6.0.pom	5bdc512196cda20dce9e2632d7ae7b8b4a1d333ed437e033ebda64a499897ac5
model-pom	org.apache.commons:commons-parent:93	/home/phuclam/.m2/repository/org/apache/commons/commons-parent/93/commons-parent-93.pom	a88b5f6165a659bf835441837bcc5c53e99fde79b92cfbb86988ce2954cd5267
model-pom	org.junit:junit-bom:5.14.1	/home/phuclam/.m2/repository/org/junit/junit-bom/5.14.1/junit-bom-5.14.1.pom	01b01dfa366550b40ac5760548a7d728b6109d17c451e83864d1e5e0ce862c94
model-pom	org.ow2.asm:asm:9.9.1	/home/phuclam/.m2/repository/org/ow2/asm/asm/9.9.1/asm-9.9.1.pom	aca68dee9ba2f6cd90ffde728efdc7e3ebfcf59f3f41fbfe248d2d01d5b866af
model-pom	org.ow2.asm:asm-commons:9.9.1	/home/phuclam/.m2/repository/org/ow2/asm/asm-commons/9.9.1/asm-commons-9.9.1.pom	def70fa7d3a4bb71660bc661523329579a4bc31ccc96c42d3a5c3b9f76a6b649
model-pom	org.ow2.asm:asm-tree:9.9.1	/home/phuclam/.m2/repository/org/ow2/asm/asm-tree/9.9.1/asm-tree-9.9.1.pom	67fee446ba512871300738f0f956f61a500a852f6861ff70f0a3c7bf0c0fa405
plugin-acquisition-exec-maven-plugin	org.codehaus.mojo:exec-maven-plugin:3.6.3	/home/phuclam/.m2/repository/org/codehaus/mojo/exec-maven-plugin/3.6.3/exec-maven-plugin-3.6.3.jar	389d6d7b681b4b6bace1eb7b415703889ac011b2b8a8c133a6e5bcf738758aa0
plugin-acquisition-exec-maven-plugin	org.apache.maven.resolver:maven-resolver-util:1.9.24	/home/phuclam/.m2/repository/org/apache/maven/resolver/maven-resolver-util/1.9.24/maven-resolver-util-1.9.24.jar	aeb7e776a8c47b1c317a2581f299e2525b044cb8abde31164e970bbbefab12b1
plugin-acquisition-exec-maven-plugin	org.apache.maven.resolver:maven-resolver-api:1.9.24	/home/phuclam/.m2/repository/org/apache/maven/resolver/maven-resolver-api/1.9.24/maven-resolver-api-1.9.24.jar	c0ce14849298720dcf3b09fe9e263b3c576d2d6cd43c61f8aa9d6117e04e5e47
plugin-acquisition-exec-maven-plugin	org.codehaus.plexus:plexus-utils:4.0.2	/home/phuclam/.m2/repository/org/codehaus/plexus/plexus-utils/4.0.2/plexus-utils-4.0.2.jar	8957274e75fe2c278b1428dd16a0daeee1dd38152cb6eff816177ac28fccb697
plugin-acquisition-exec-maven-plugin	org.codehaus.plexus:plexus-xml:3.0.1	/home/phuclam/.m2/repository/org/codehaus/plexus/plexus-xml/3.0.1/plexus-xml-3.0.1.jar	c1a510a87a62bd2d74ac1472dd31c3f9e9b0b8b8568f37d77c0f135415bebd05
plugin-acquisition-exec-maven-plugin	org.apache.commons:commons-exec:1.6.0	/home/phuclam/.m2/repository/org/apache/commons/commons-exec/1.6.0/commons-exec-1.6.0.jar	13dcf3850478ef8de5d24d298a60eed5e8305eb20538fe632c82ea1dff6b5ea0
plugin-acquisition-exec-maven-plugin	org.ow2.asm:asm:9.9.1	/home/phuclam/.m2/repository/org/ow2/asm/asm/9.9.1/asm-9.9.1.jar	6f3828a215c920059a5efa2fb55c233d6c54ec5cadca99ce1b1bdd10077c7ddd
plugin-acquisition-exec-maven-plugin	org.ow2.asm:asm-commons:9.9.1	/home/phuclam/.m2/repository/org/ow2/asm/asm-commons/9.9.1/asm-commons-9.9.1.jar	c2319e014ce7199f2b7f7d56d6bb991863168c3f4b6cd6c9f542a4937ef7ef88
plugin-acquisition-exec-maven-plugin	org.ow2.asm:asm-tree:9.9.1	/home/phuclam/.m2/repository/org/ow2/asm/asm-tree/9.9.1/asm-tree-9.9.1.jar	0f3555096b720b820bbacab0b515589bee0200bee099bda14c561738ae837ba1
model-pom	org.springframework.boot:spring-boot-maven-plugin:4.1.1	/home/phuclam/.m2/repository/org/springframework/boot/spring-boot-maven-plugin/4.1.1/spring-boot-maven-plugin-4.1.1.pom	cc0890a4a1aa27c128f8fb056d824ddac03bd7b480e292a42ab551965e2f12d8
model-pom	org.springframework.boot:spring-boot-buildpack-platform:4.1.1	/home/phuclam/.m2/repository/org/springframework/boot/spring-boot-buildpack-platform/4.1.1/spring-boot-buildpack-platform-4.1.1.pom	908ca6b1639d2226826be54684b8ffe89a7da7a0e1dee00ace98aa8690fb0e48
model-pom	net.java.dev.jna:jna-platform:5.17.0	/home/phuclam/.m2/repository/net/java/dev/jna/jna-platform/5.17.0/jna-platform-5.17.0.pom	0a30b797adb6822147ef98cb249ef3fbf4a243542aa86bf9f42fad9e68305a44
model-pom	net.java.dev.jna:jna:5.17.0	/home/phuclam/.m2/repository/net/java/dev/jna/jna/5.17.0/jna-5.17.0.pom	501a0ff05d84a4ad10f6de25be94f49398b70a31be8f3a0ed9f4c6b44fbefee4
model-pom	org.apache.commons:commons-compress:1.27.1	/home/phuclam/.m2/repository/org/apache/commons/commons-compress/1.27.1/commons-compress-1.27.1.pom	df8cc1a8387d4ce842363b7209fdc6d35df9763839fd3fcab558a0f83f9d841c
model-pom	org.apache.commons:commons-parent:72	/home/phuclam/.m2/repository/org/apache/commons/commons-parent/72/commons-parent-72.pom	4345debfc767b1aeac68abdd72fc67d18b521d4b390372a11b63ff0c586b2320
model-pom	org.apache:apache:33	/home/phuclam/.m2/repository/org/apache/apache/33/apache-33.pom	d78bd8524c5f8380a190a6525686629a95dfe512df21111383a6d8c0923a4415
model-pom	org.junit:junit-bom:5.11.0-M2	/home/phuclam/.m2/repository/org/junit/junit-bom/5.11.0-M2/junit-bom-5.11.0-M2.pom	4a3ffc4a4edcfec2cb5d619922706a9407161798571939f854dfda73e4e17cc8
model-pom	commons-codec:commons-codec:1.17.1	/home/phuclam/.m2/repository/commons-codec/commons-codec/1.17.1/commons-codec-1.17.1.pom	7fa0db4d8150daf932958b8aea89ee24abb4d18e2316a5de535278fc131512a0
model-pom	org.apache.commons:commons-parent:71	/home/phuclam/.m2/repository/org/apache/commons/commons-parent/71/commons-parent-71.pom	95b7be70f316ae4ca22f6fbdd08de2182e87cd874a650de7c3d3386a747a82a3
model-pom	org.apache:apache:32	/home/phuclam/.m2/repository/org/apache/apache/32/apache-32.pom	cfd872c0ec27f53ae68f43dbc0fecded8add773079a53afbd390e407b42ce72f
model-pom	commons-io:commons-io:2.16.1	/home/phuclam/.m2/repository/commons-io/commons-io/2.16.1/commons-io-2.16.1.pom	5777d292251c7895c04a4c57015683ec3b353a12486c9b3e7178e9b0b3c38fff
model-pom	org.apache.commons:commons-parent:69	/home/phuclam/.m2/repository/org/apache/commons/commons-parent/69/commons-parent-69.pom	d50da9c39bdca823d618d1b4a03b73f196497fcb8616fd0da727c8623592a9bb
model-pom	org.apache:apache:31	/home/phuclam/.m2/repository/org/apache/apache/31/apache-31.pom	555d0c9eaa69c042aff924927b9381e8f8174136d355eead445224452e6291cc
model-pom	org.apache.commons:commons-lang3:3.16.0	/home/phuclam/.m2/repository/org/apache/commons/commons-lang3/3.16.0/commons-lang3-3.16.0.pom	e280383956c2e72c1deb3a307b3b75f05ee43649b7d43f0215f7b6c7b15eea2c
model-pom	org.apache.httpcomponents.client5:httpclient5:5.6.4	/home/phuclam/.m2/repository/org/apache/httpcomponents/client5/httpclient5/5.6.4/httpclient5-5.6.4.pom	dbc08440438d5e8a600041a9b61e249f0c7d9d86b998e72a9a03900b4c64aa44
model-pom	org.apache.httpcomponents.client5:httpclient5-parent:5.6.4	/home/phuclam/.m2/repository/org/apache/httpcomponents/client5/httpclient5-parent/5.6.4/httpclient5-parent-5.6.4.pom	05305597e8208fdfcc826918db9dad36a42c7b1ddcb366008c2f0975ed2d7192
model-pom	org.apache.httpcomponents:httpcomponents-parent:14	/home/phuclam/.m2/repository/org/apache/httpcomponents/httpcomponents-parent/14/httpcomponents-parent-14.pom	5dceb6ab206a419179273f15d0d2b472f9472bbb747c6c8b7e96daaf78cc4527
model-pom	org.apache:apache:27	/home/phuclam/.m2/repository/org/apache/apache/27/apache-27.pom	b2b0fc69e22a650c3892f1c366d77076f29575c6738df4c7a70a44844484cdf9
model-pom	org.junit:junit-bom:5.13.3	/home/phuclam/.m2/repository/org/junit/junit-bom/5.13.3/junit-bom-5.13.3.pom	e3b93e9bb8871969cf11c0e8ff10f507841db1885ca10578e290846f660fd68e
model-pom	io.opentelemetry:opentelemetry-bom:1.49.0	/home/phuclam/.m2/repository/io/opentelemetry/opentelemetry-bom/1.49.0/opentelemetry-bom-1.49.0.pom	44fcba73912b950d3ec88129e38e03c181b975f5b5ee73d7bab7866a4b376c50
model-pom	org.apache.httpcomponents.core5:httpcore5:5.4.3	/home/phuclam/.m2/repository/org/apache/httpcomponents/core5/httpcore5/5.4.3/httpcore5-5.4.3.pom	a483ef99599cc5fe2c6105a91e2aa7ac46c1c357b559beb76c7045326dcbd3d1
model-pom	org.apache.httpcomponents.core5:httpcore5-parent:5.4.3	/home/phuclam/.m2/repository/org/apache/httpcomponents/core5/httpcore5-parent/5.4.3/httpcore5-parent-5.4.3.pom	2aa0c3f69b379d49b696cc5978fbe15773ecc90a7b39106d7810e554d054778b
model-pom	org.apache.httpcomponents.core5:httpcore5-h2:5.4.3	/home/phuclam/.m2/repository/org/apache/httpcomponents/core5/httpcore5-h2/5.4.3/httpcore5-h2-5.4.3.pom	05a81bab0c695ff79a381e4a1df0a6f582ba556b2d8d60be84c4dc8a9c9f5027
model-pom	org.slf4j:slf4j-api:1.7.36	/home/phuclam/.m2/repository/org/slf4j/slf4j-api/1.7.36/slf4j-api-1.7.36.pom	fb046a9c229437928bb11c2d27c8b5d773eb8a25e60cbd253d985210dedc2684
model-pom	org.slf4j:slf4j-parent:1.7.36	/home/phuclam/.m2/repository/org/slf4j/slf4j-parent/1.7.36/slf4j-parent-1.7.36.pom	bb388d37fbcdd3cde64c3cede21838693218dc451f04040c5df360a78ed7e812
model-pom	commons-logging:commons-logging:1.3.5	/home/phuclam/.m2/repository/commons-logging/commons-logging/1.3.5/commons-logging-1.3.5.pom	ccf4a30346f5027b9496abd56290ac26d159abf2be64df1265611dc9400b9d68
model-pom	org.apache.commons:commons-parent:81	/home/phuclam/.m2/repository/org/apache/commons/commons-parent/81/commons-parent-81.pom	348d4e7c131be6114c854a719ce7a44307a7c39bd366084977b24fd29ad0edb4
model-pom	org.junit:junit-bom:5.11.4	/home/phuclam/.m2/repository/org/junit/junit-bom/5.11.4/junit-bom-5.11.4.pom	19d4b747b204805325b6334553296f986562277a4ac1cb5e593a5e4c4f5e4115
model-pom	org.jspecify:jspecify:1.0.0	/home/phuclam/.m2/repository/org/jspecify/jspecify/1.0.0/jspecify-1.0.0.pom	cdab929a3b95211f43d2090c5e2d0dfe8465960e378bc32b35841dab324433a6
model-pom	org.tomlj:tomlj:1.0.0	/home/phuclam/.m2/repository/org/tomlj/tomlj/1.0.0/tomlj-1.0.0.pom	ad8192007f73450c51c880305f14dd22ac551449b721b585fc51231422cb0913
model-pom	org.antlr:antlr4-runtime:4.7.2	/home/phuclam/.m2/repository/org/antlr/antlr4-runtime/4.7.2/antlr4-runtime-4.7.2.pom	dc09cba98c25d3c06e4aec516885d4c3af03062ba55f4fe6283fc9cf176a60fb
model-pom	org.antlr:antlr4-master:4.7.2	/home/phuclam/.m2/repository/org/antlr/antlr4-master/4.7.2/antlr4-master-4.7.2.pom	ba99cb25d2390f38680c7502842a0ee0959d1e6403e013ccff698fd5856eead1
model-pom	org.springframework.boot:spring-boot-loader-tools:4.1.1	/home/phuclam/.m2/repository/org/springframework/boot/spring-boot-loader-tools/4.1.1/spring-boot-loader-tools-4.1.1.pom	c86c88cac082444ee4733d542ea6208fdc54574b50d97beed9973ee811bd16fe
model-pom	org.apache.maven.shared:maven-common-artifact-filters:3.4.0	/home/phuclam/.m2/repository/org/apache/maven/shared/maven-common-artifact-filters/3.4.0/maven-common-artifact-filters-3.4.0.pom	c93581d69b337c1fcc0957c727c430180b6387276ef1d3c2976c175e93765eb1
model-pom	org.apache.maven.shared:maven-shared-components:42	/home/phuclam/.m2/repository/org/apache/maven/shared/maven-shared-components/42/maven-shared-components-42.pom	aa66faa11c11b900d099bfef0ee9fe8485d7e7fc74e87193e1f74572ed9587c5
model-pom	org.apache.maven:maven-parent:42	/home/phuclam/.m2/repository/org/apache/maven/maven-parent/42/maven-parent-42.pom	04534dea350a2187970a5b74444338bcf78ba8e537d44f262acfba16ebb33056
model-pom	org.apache.maven.resolver:maven-resolver-util:1.4.1	/home/phuclam/.m2/repository/org/apache/maven/resolver/maven-resolver-util/1.4.1/maven-resolver-util-1.4.1.pom	a58c932e967e85e7bcb8d4adaedd14a5221a1750a1d089c5086c4d73df505155
model-pom	org.apache.maven.resolver:maven-resolver:1.4.1	/home/phuclam/.m2/repository/org/apache/maven/resolver/maven-resolver/1.4.1/maven-resolver-1.4.1.pom	831c3849751101226495acfe9119582feb734a4539b070e0fbd9e85b03b501ce
model-pom	org.apache.maven:maven-parent:33	/home/phuclam/.m2/repository/org/apache/maven/maven-parent/33/maven-parent-33.pom	3856e3fcd169502d5f12fe2452604ebf6c7c025f15656bfa558ea99ed29d73ea
model-pom	org.apache:apache:21	/home/phuclam/.m2/repository/org/apache/apache/21/apache-21.pom	af10c108da014f17cafac7b52b2b4b5a3a1c18265fa2af97a325d9143537b380
model-pom	org.apache.maven.resolver:maven-resolver-api:1.4.1	/home/phuclam/.m2/repository/org/apache/maven/resolver/maven-resolver-api/1.4.1/maven-resolver-api-1.4.1.pom	335513ce1dd2cf4c7d1dbfa1b8aa14656d9be5f9f3f0d0875ac528893c9f0f06
model-pom	org.sonatype.plexus:plexus-build-api:0.0.7	/home/phuclam/.m2/repository/org/sonatype/plexus/plexus-build-api/0.0.7/plexus-build-api-0.0.7.pom	e067317a47ed9e84b2ba85a76d3cf72980e2b0dc873a90b9cbfe74fe80c37c17
model-pom	org.sonatype.spice:spice-parent:15	/home/phuclam/.m2/repository/org/sonatype/spice/spice-parent/15/spice-parent-15.pom	13d15ddfe9946b8427bb7b4b081ab63962285eed0bf6fa5142aea25a46e15814
model-pom	org.sonatype.forge:forge-parent:5	/home/phuclam/.m2/repository/org/sonatype/forge/forge-parent/5/forge-parent-5.pom	e56188aa8ce51278006aa90bc7e0f304a81e2f1219f462e7d21f262535cd2795
model-pom	io.micrometer:micrometer-observation:1.16.7	/home/phuclam/.m2/repository/io/micrometer/micrometer-observation/1.16.7/micrometer-observation-1.16.7.pom	571213d4dbac9f29992a9c5f9909e312e3d17ca3cfaa975aa9f4b05af49389bd
model-pom	io.micrometer:micrometer-commons:1.16.7	/home/phuclam/.m2/repository/io/micrometer/micrometer-commons/1.16.7/micrometer-commons-1.16.7.pom	dcae888435f6938ea96c7fa748e59b0590c776ecd8c92d2fdaf6e0be461d504c
model-pom	org.apache.maven.plugins:maven-shade-plugin:3.6.0	/home/phuclam/.m2/repository/org/apache/maven/plugins/maven-shade-plugin/3.6.0/maven-shade-plugin-3.6.0.pom	8fdf596c3cc0a728f1b244566c9621f4cb79204d5b0c396c02545ff24cd29e5f
model-pom	org.apache.maven.plugins:maven-plugins:42	/home/phuclam/.m2/repository/org/apache/maven/plugins/maven-plugins/42/maven-plugins-42.pom	5b31681ea67e838a8ed1f08af891d1ae50f16dfadd3fc2b787900ed69d5f2503
model-pom	org.codehaus.plexus:plexus-utils:3.5.1	/home/phuclam/.m2/repository/org/codehaus/plexus/plexus-utils/3.5.1/plexus-utils-3.5.1.pom	94ff68edeb48204d12c99189c767164d3a9f778a1372d1dce11a41462e6236f2
model-pom	org.codehaus.plexus:plexus:10	/home/phuclam/.m2/repository/org/codehaus/plexus/plexus/10/plexus-10.pom	bba9c521064b9ca132ce97cc1cc7eb4afc2dbe32bc88cb872c88e99f6162301f
model-pom	org.ow2.asm:asm:9.7	/home/phuclam/.m2/repository/org/ow2/asm/asm/9.7/asm-9.7.pom	de00115f1d84f3a0b2ee3a4b6f6192d066f86d185d67b9d1522f2c80feac5f00
model-pom	org.ow2.asm:asm-commons:9.7	/home/phuclam/.m2/repository/org/ow2/asm/asm-commons/9.7/asm-commons-9.7.pom	5acee3ee7252ed90b8074c755d022787499a95fafff98ac4a685107c4da409b4
model-pom	org.ow2.asm:asm-tree:9.7	/home/phuclam/.m2/repository/org/ow2/asm/asm-tree/9.7/asm-tree-9.7.pom	a34ea1e3e4128c01038db43c6976e88c779cf5af84b0505da266dfe6965668ec
model-pom	org.jdom:jdom2:2.0.6.1	/home/phuclam/.m2/repository/org/jdom/jdom2/2.0.6.1/jdom2-2.0.6.1.pom	55795e1018b8ae647b937967cf810a99b08582c2374e7873c128734c8c914bf3
model-pom	org.apache.commons:commons-compress:1.26.2	/home/phuclam/.m2/repository/org/apache/commons/commons-compress/1.26.2/commons-compress-1.26.2.pom	1428719895cd0a913aee33e2424b9a804b10f1197e5d35a9ce99cf2a1174cb0e
model-pom	commons-codec:commons-codec:1.17.0	/home/phuclam/.m2/repository/commons-codec/commons-codec/1.17.0/commons-codec-1.17.0.pom	c01c4cda5e408f41ed1d83e4a0a170cf53801b6338aba49f0f904786bc1214fc
model-pom	org.apache.commons:commons-lang3:3.14.0	/home/phuclam/.m2/repository/org/apache/commons/commons-lang3/3.14.0/commons-lang3-3.14.0.pom	110438863bad37c28f906bf87016e38c7a8c758ba321e09d11dc5a2363a8e79e
model-pom	org.apache.commons:commons-parent:64	/home/phuclam/.m2/repository/org/apache/commons/commons-parent/64/commons-parent-64.pom	6f19638994e8357b4ed734696f992057efaafa1235673998133299798e2ccddb
model-pom	org.apache:apache:30	/home/phuclam/.m2/repository/org/apache/apache/30/apache-30.pom	63dd4a393a9c0dfcb314efe83871a41d243bc8d200cbc7f2d197f30da78239d8
model-pom	org.junit:junit-bom:5.10.0	/home/phuclam/.m2/repository/org/junit/junit-bom/5.10.0/junit-bom-5.10.0.pom	e006dd8894f9fc7b75fc32bb12fe5ed8be65667d5b454f99e2e0b8c5bb8d30b3
model-pom	org.vafer:jdependency:2.10	/home/phuclam/.m2/repository/org/vafer/jdependency/2.10/jdependency-2.10.pom	ab53f259ab5f6483d3dbb0235469e078d4a22cfd890771ab04f87db3a5b46067
plugin-acquisition-spring-boot-maven-plugin	org.springframework.boot:spring-boot-maven-plugin:4.1.1	/home/phuclam/.m2/repository/org/springframework/boot/spring-boot-maven-plugin/4.1.1/spring-boot-maven-plugin-4.1.1.jar	c8e1a3f44dab037f9ff23d31a1db00e937da5a56c96404d91e83fdc22c13bd56
plugin-acquisition-spring-boot-maven-plugin	org.springframework.boot:spring-boot-buildpack-platform:4.1.1	/home/phuclam/.m2/repository/org/springframework/boot/spring-boot-buildpack-platform/4.1.1/spring-boot-buildpack-platform-4.1.1.jar	732e099296492e24b60894553dab8349da84dc2f02c84322ac3e6eadb7968539
plugin-acquisition-spring-boot-maven-plugin	net.java.dev.jna:jna-platform:5.17.0	/home/phuclam/.m2/repository/net/java/dev/jna/jna-platform/5.17.0/jna-platform-5.17.0.jar	b7e3d46c87bad2eb409b0e704916bcd81206168e357312dfddd0e253679cd9e0
plugin-acquisition-spring-boot-maven-plugin	net.java.dev.jna:jna:5.17.0	/home/phuclam/.m2/repository/net/java/dev/jna/jna/5.17.0/jna-5.17.0.jar	b3a9408e7c51e08ef0e3bfcc08f443f6ec0f6191ba8cd7c18d53d2b22e5bdbc0
plugin-acquisition-spring-boot-maven-plugin	org.apache.commons:commons-compress:1.27.1	/home/phuclam/.m2/repository/org/apache/commons/commons-compress/1.27.1/commons-compress-1.27.1.jar	293d80f54b536b74095dcd7ea3cf0a29bbfc3402519281332495f4420d370d16
plugin-acquisition-spring-boot-maven-plugin	commons-codec:commons-codec:1.17.1	/home/phuclam/.m2/repository/commons-codec/commons-codec/1.17.1/commons-codec-1.17.1.jar	f9f6cb103f2ddc3c99a9d80ada2ae7bf0685111fd6bffccb72033d1da4e6ff23
plugin-acquisition-spring-boot-maven-plugin	org.apache.commons:commons-lang3:3.16.0	/home/phuclam/.m2/repository/org/apache/commons/commons-lang3/3.16.0/commons-lang3-3.16.0.jar	08709dd74d602b705ce4017d26544210056a4ba583d5b20c09373406fe7a00f8
plugin-acquisition-spring-boot-maven-plugin	org.apache.httpcomponents.client5:httpclient5:5.6.4	/home/phuclam/.m2/repository/org/apache/httpcomponents/client5/httpclient5/5.6.4/httpclient5-5.6.4.jar	bdef5f8841145cd76c4c605ff301bc840eea0d5292332b7b892a93316c0d8ee1
plugin-acquisition-spring-boot-maven-plugin	org.apache.httpcomponents.core5:httpcore5:5.4.3	/home/phuclam/.m2/repository/org/apache/httpcomponents/core5/httpcore5/5.4.3/httpcore5-5.4.3.jar	18bfbbabb478dfb67f31aeaf428c387f3c3df654582e1309f708ee1f3086830a
plugin-acquisition-spring-boot-maven-plugin	org.apache.httpcomponents.core5:httpcore5-h2:5.4.3	/home/phuclam/.m2/repository/org/apache/httpcomponents/core5/httpcore5-h2/5.4.3/httpcore5-h2-5.4.3.jar	c7db7026b8e2dea39132b04a6069f6671e2858309b20a146ec5c7dd6ed73a0b6
plugin-acquisition-spring-boot-maven-plugin	org.tomlj:tomlj:1.0.0	/home/phuclam/.m2/repository/org/tomlj/tomlj/1.0.0/tomlj-1.0.0.jar	32697c7567b2921c473678a820b13fc64700aa87bb14576eeb48d0ed5847cfd4
plugin-acquisition-spring-boot-maven-plugin	org.antlr:antlr4-runtime:4.7.2	/home/phuclam/.m2/repository/org/antlr/antlr4-runtime/4.7.2/antlr4-runtime-4.7.2.jar	4c518b87d4bdff8b44cd8cbc1af816e944b62a3fe5b80b781501cf1f4759bbc4
plugin-acquisition-spring-boot-maven-plugin	tools.jackson.core:jackson-databind:3.1.5	/home/phuclam/.m2/repository/tools/jackson/core/jackson-databind/3.1.5/jackson-databind-3.1.5.jar	3a2338d996fd3056791df8d335fa9ba8a62a706ed4245ecf81b3e583df37d08a
plugin-acquisition-spring-boot-maven-plugin	com.fasterxml.jackson.core:jackson-annotations:2.21	/home/phuclam/.m2/repository/com/fasterxml/jackson/core/jackson-annotations/2.21/jackson-annotations-2.21.jar	53ca085f4a150f703f49e1aabd935bd03b43e1ea3d55d135438292af22cef56b
plugin-acquisition-spring-boot-maven-plugin	tools.jackson.core:jackson-core:3.1.5	/home/phuclam/.m2/repository/tools/jackson/core/jackson-core/3.1.5/jackson-core-3.1.5.jar	9431b7fa2673bbb618c11d865fe15e13222fd182a214ff998cb7e56afd8f35d2
plugin-acquisition-spring-boot-maven-plugin	org.springframework.boot:spring-boot-loader-tools:4.1.1	/home/phuclam/.m2/repository/org/springframework/boot/spring-boot-loader-tools/4.1.1/spring-boot-loader-tools-4.1.1.jar	b26911978c785fcb894b398c5a781e409682309bf083b9587083fdd02be06a96
plugin-acquisition-spring-boot-maven-plugin	org.apache.maven.shared:maven-common-artifact-filters:3.4.0	/home/phuclam/.m2/repository/org/apache/maven/shared/maven-common-artifact-filters/3.4.0/maven-common-artifact-filters-3.4.0.jar	931a77aa9dad6c91f10fcfafa70adc7608c004576b4924c74ecbffb27568a880
plugin-acquisition-spring-boot-maven-plugin	org.slf4j:slf4j-api:1.7.36	/home/phuclam/.m2/repository/org/slf4j/slf4j-api/1.7.36/slf4j-api-1.7.36.jar	d3ef575e3e4979678dc01bf1dcce51021493b4d11fb7f1be8ad982877c16a1c0
plugin-acquisition-spring-boot-maven-plugin	org.apache.maven.resolver:maven-resolver-util:1.4.1	/home/phuclam/.m2/repository/org/apache/maven/resolver/maven-resolver-util/1.4.1/maven-resolver-util-1.4.1.jar	6b2184872fa7cc2ef5a90481b56af9711c15b371e69ab52f0f31bf24e910dd82
plugin-acquisition-spring-boot-maven-plugin	org.apache.maven.resolver:maven-resolver-api:1.4.1	/home/phuclam/.m2/repository/org/apache/maven/resolver/maven-resolver-api/1.4.1/maven-resolver-api-1.4.1.jar	33dc67306cc95da14e5444e8b494d967924abf1d01bae1894676164cbd3f6112
plugin-acquisition-spring-boot-maven-plugin	org.sonatype.plexus:plexus-build-api:0.0.7	/home/phuclam/.m2/repository/org/sonatype/plexus/plexus-build-api/0.0.7/plexus-build-api-0.0.7.jar	934171640fbd3d2495c50b79b0d9adb11e2c83e65bad157df8fe34bcac0ff798
plugin-acquisition-spring-boot-maven-plugin	org.springframework:spring-core:7.0.9	/home/phuclam/.m2/repository/org/springframework/spring-core/7.0.9/spring-core-7.0.9.jar	5195f4722699b39878d99a832549fe65df2890b159d063b88fff31b1ca65ae36
plugin-acquisition-spring-boot-maven-plugin	commons-logging:commons-logging:1.3.5	/home/phuclam/.m2/repository/commons-logging/commons-logging/1.3.5/commons-logging-1.3.5.jar	6d7a744e4027649fbb50895df9497d109f98c766a637062fe8d2eabbb3140ba4
plugin-acquisition-spring-boot-maven-plugin	org.jspecify:jspecify:1.0.0	/home/phuclam/.m2/repository/org/jspecify/jspecify/1.0.0/jspecify-1.0.0.jar	1fad6e6be7557781e4d33729d49ae1cdc8fdda6fe477bb0cc68ce351eafdfbab
plugin-acquisition-spring-boot-maven-plugin	org.springframework:spring-context:7.0.9	/home/phuclam/.m2/repository/org/springframework/spring-context/7.0.9/spring-context-7.0.9.jar	7552a2fcfa30cea53eb14d7a65a7a8e1b1dd82e832a7164fb7e6fb105f438858
plugin-acquisition-spring-boot-maven-plugin	org.springframework:spring-aop:7.0.9	/home/phuclam/.m2/repository/org/springframework/spring-aop/7.0.9/spring-aop-7.0.9.jar	b8c5d6bfcb1f4993f2cc124f7ab7fac40edf5256b9e43c2f7250a733cb5510e9
plugin-acquisition-spring-boot-maven-plugin	org.springframework:spring-beans:7.0.9	/home/phuclam/.m2/repository/org/springframework/spring-beans/7.0.9/spring-beans-7.0.9.jar	ff218b827a25c9e8929b0cd56dfb56916cea9d5b669ed97dc7cb262508ff548b
plugin-acquisition-spring-boot-maven-plugin	org.springframework:spring-expression:7.0.9	/home/phuclam/.m2/repository/org/springframework/spring-expression/7.0.9/spring-expression-7.0.9.jar	046434c40f43819729b9b1db0e6c659dfa68184c1c2c2efa5f7b3a5b27c4e2e2
plugin-acquisition-spring-boot-maven-plugin	io.micrometer:micrometer-observation:1.16.7	/home/phuclam/.m2/repository/io/micrometer/micrometer-observation/1.16.7/micrometer-observation-1.16.7.jar	74f9e4d51ef30c141de8a2409879282e572eef98665e033e8922c2fbee16862d
plugin-acquisition-spring-boot-maven-plugin	io.micrometer:micrometer-commons:1.16.7	/home/phuclam/.m2/repository/io/micrometer/micrometer-commons/1.16.7/micrometer-commons-1.16.7.jar	cd1ad64a94650a2ed3988a4ab48c9a7fad40c4986a81e328194dd757b5170273
plugin-acquisition-spring-boot-maven-plugin	org.apache.maven.plugins:maven-shade-plugin:3.6.0	/home/phuclam/.m2/repository/org/apache/maven/plugins/maven-shade-plugin/3.6.0/maven-shade-plugin-3.6.0.jar	f66fa16d7db430097c222ed82e84d9a1304cab973caf818168f1251695b7e007
plugin-acquisition-spring-boot-maven-plugin	org.codehaus.plexus:plexus-utils:3.5.1	/home/phuclam/.m2/repository/org/codehaus/plexus/plexus-utils/3.5.1/plexus-utils-3.5.1.jar	86e0255d4c879c61b4833ed7f13124e8bb679df47debb127326e7db7dd49a07b
plugin-acquisition-spring-boot-maven-plugin	org.ow2.asm:asm:9.7	/home/phuclam/.m2/repository/org/ow2/asm/asm/9.7/asm-9.7.jar	adf46d5e34940bdf148ecdd26a9ee8eea94496a72034ff7141066b3eea5c4e9d
plugin-acquisition-spring-boot-maven-plugin	org.ow2.asm:asm-commons:9.7	/home/phuclam/.m2/repository/org/ow2/asm/asm-commons/9.7/asm-commons-9.7.jar	389bc247958e049fc9a0408d398c92c6d370c18035120395d4cba1d9d9304b7a
plugin-acquisition-spring-boot-maven-plugin	org.ow2.asm:asm-tree:9.7	/home/phuclam/.m2/repository/org/ow2/asm/asm-tree/9.7/asm-tree-9.7.jar	62f4b3bc436045c1acb5c3ba2d8ec556ec3369093d7f5d06c747eb04b56d52b1
plugin-acquisition-spring-boot-maven-plugin	org.jdom:jdom2:2.0.6.1	/home/phuclam/.m2/repository/org/jdom/jdom2/2.0.6.1/jdom2-2.0.6.1.jar	0b20f45e3a0fd8f0d12cdc5316b06776e902b1365db00118876f9175c60f302c
plugin-acquisition-spring-boot-maven-plugin	commons-io:commons-io:2.16.1	/home/phuclam/.m2/repository/commons-io/commons-io/2.16.1/commons-io-2.16.1.jar	f41f7baacd716896447ace9758621f62c1c6b0a91d89acee488da26fc477c84f
plugin-acquisition-spring-boot-maven-plugin	org.vafer:jdependency:2.10	/home/phuclam/.m2/repository/org/vafer/jdependency/2.10/jdependency-2.10.jar	1dcd8355ab9ebced687715bf1252eb2aee5d0e74497a2014fd3387cfce8df85f
model-pom	org.apache.maven.plugins:maven-resources-plugin:3.5.0	/home/phuclam/.m2/repository/org/apache/maven/plugins/maven-resources-plugin/3.5.0/maven-resources-plugin-3.5.0.pom	9f2275ca2ba3a3ab38caf6c2bc21be787c7305ea5333d1c33f52a530afc0bc7f
model-pom	org.apache.maven.plugins:maven-plugins:47	/home/phuclam/.m2/repository/org/apache/maven/plugins/maven-plugins/47/maven-plugins-47.pom	58ddbb8e429cb5e9054c2f5f7b7cdfeb7adbcdfda21d92b67f67fa2b94edf982
model-pom	org.apache.maven:maven-parent:47	/home/phuclam/.m2/repository/org/apache/maven/maven-parent/47/maven-parent-47.pom	82d0112ba1907ff5fd13a2485829c97df66c6a81e075359a561a422f7d1582d3
model-pom	org.apache.maven.shared:maven-filtering:3.5.0	/home/phuclam/.m2/repository/org/apache/maven/shared/maven-filtering/3.5.0/maven-filtering-3.5.0.pom	06b492b0244a82434470161f851b247271ec8fdaeea1c29de98abde066f80c64
model-pom	org.apache.maven.shared:maven-shared-components:47	/home/phuclam/.m2/repository/org/apache/maven/shared/maven-shared-components/47/maven-shared-components-47.pom	3bd3d07c910477091bb9602f931f696c4aa115c86a322bff6a604ec7543afc07
model-pom	org.codehaus.plexus:plexus-build-api:1.2.0	/home/phuclam/.m2/repository/org/codehaus/plexus/plexus-build-api/1.2.0/plexus-build-api-1.2.0.pom	47c7b0e65718ca89df6fdf5cb3f24a49e076cacd9499236c7e18ad78e993cddb
model-pom	org.codehaus.plexus:plexus:13	/home/phuclam/.m2/repository/org/codehaus/plexus/plexus/13/plexus-13.pom	575945dc08966c66eb03d5bae9135bd22ca3920a1865bb99d3ecd93bef55abd3
model-pom	org.junit:junit-bom:5.9.3	/home/phuclam/.m2/repository/org/junit/junit-bom/5.9.3/junit-bom-5.9.3.pom	4d0329cd9e72f2420e5ca15724cbfe6ffa6e5fd2888361516271190fdc342ed7
model-pom	org.codehaus.plexus:plexus-utils:3.6.0	/home/phuclam/.m2/repository/org/codehaus/plexus/plexus-utils/3.6.0/plexus-utils-3.6.0.pom	6138300481471c7fe6aeb115f912961f886e1a46ee9c2bd2841b65184824da28
model-pom	org.codehaus.plexus:plexus:19	/home/phuclam/.m2/repository/org/codehaus/plexus/plexus/19/plexus-19.pom	8d3e51c3902fd7596e548eab121ebf6b0d4aa73857077f26a24fc86f9b8455b4
model-pom	org.junit:junit-bom:5.11.1	/home/phuclam/.m2/repository/org/junit/junit-bom/5.11.1/junit-bom-5.11.1.pom	c72124a9c9a79910c1858766b72c350e1a39244cbfb4b076348fbfe078281965
model-pom	javax.inject:javax.inject:1	/home/phuclam/.m2/repository/javax/inject/javax.inject/1/javax.inject-1.pom	943e12b100627804638fa285805a0ab788a680266531e650921ebfe4621a8bfa
model-pom	org.eclipse.sisu:org.eclipse.sisu.plexus:0.9.0.M4	/home/phuclam/.m2/repository/org/eclipse/sisu/org.eclipse.sisu.plexus/0.9.0.M4/org.eclipse.sisu.plexus-0.9.0.M4.pom	90b4be7a71c979d0c4dea20c20a28eb9e76a29df68ab9018cf011019a3e4f562
model-pom	org.eclipse.sisu:sisu-inject:0.9.0.M4	/home/phuclam/.m2/repository/org/eclipse/sisu/sisu-inject/0.9.0.M4/sisu-inject-0.9.0.M4.pom	0c829c9641ccac870d7d7ff012cbbad8447e912eb9a26d0d7283f09cba44c0d9
model-pom	org.junit:junit-bom:5.12.2	/home/phuclam/.m2/repository/org/junit/junit-bom/5.12.2/junit-bom-5.12.2.pom	cef80fec86454f6806bfb0df24669b5c6f32e2cb728539ea859f47dfdc9bbc17
model-pom	org.codehaus.plexus:plexus-interpolation:1.29	/home/phuclam/.m2/repository/org/codehaus/plexus/plexus-interpolation/1.29/plexus-interpolation-1.29.pom	ce0d5634297bb1e065dddfdc8a2a5675717c08e8f4783edcf581543711516938
model-pom	org.codehaus.plexus:plexus:24	/home/phuclam/.m2/repository/org/codehaus/plexus/plexus/24/plexus-24.pom	89a1bc79e46c35ab108b7e215bb2c5c215ff8f3af1ae3cfef82d9a2b33b06c51
model-pom	org.junit:junit-bom:5.13.4	/home/phuclam/.m2/repository/org/junit/junit-bom/5.13.4/junit-bom-5.13.4.pom	d7a08a99b2502f0bb68cd4e1f984f0bf69324aaa208bd0f73366c03fc3548a42
plugin-acquisition-maven-resources-plugin	org.apache.maven.plugins:maven-resources-plugin:3.5.0	/home/phuclam/.m2/repository/org/apache/maven/plugins/maven-resources-plugin/3.5.0/maven-resources-plugin-3.5.0.jar	2c923c63a197565a3e78f2b16d762d0f49bb83250dd2b1e6286704ea0f447060
plugin-acquisition-maven-resources-plugin	org.apache.maven.shared:maven-filtering:3.5.0	/home/phuclam/.m2/repository/org/apache/maven/shared/maven-filtering/3.5.0/maven-filtering-3.5.0.jar	7adb0e46b5fff4fc03aab4baafbdee0b29e444cffe4478858c63082d497220bf
plugin-acquisition-maven-resources-plugin	org.slf4j:slf4j-api:1.7.36	/home/phuclam/.m2/repository/org/slf4j/slf4j-api/1.7.36/slf4j-api-1.7.36.jar	d3ef575e3e4979678dc01bf1dcce51021493b4d11fb7f1be8ad982877c16a1c0
plugin-acquisition-maven-resources-plugin	org.codehaus.plexus:plexus-build-api:1.2.0	/home/phuclam/.m2/repository/org/codehaus/plexus/plexus-build-api/1.2.0/plexus-build-api-1.2.0.jar	570ae55a95e1887c3004882d30dc4e9035d2a46ba8d58b991de04175f141d88f
plugin-acquisition-maven-resources-plugin	javax.inject:javax.inject:1	/home/phuclam/.m2/repository/javax/inject/javax.inject/1/javax.inject-1.jar	91c77044a50c481636c32d916fd89c9118a72195390452c81065080f957de7ff
plugin-acquisition-maven-resources-plugin	org.sonatype.plexus:plexus-build-api:0.0.7	/home/phuclam/.m2/repository/org/sonatype/plexus/plexus-build-api/0.0.7/plexus-build-api-0.0.7.jar	934171640fbd3d2495c50b79b0d9adb11e2c83e65bad157df8fe34bcac0ff798
plugin-acquisition-maven-resources-plugin	org.eclipse.sisu:org.eclipse.sisu.plexus:0.9.0.M4	/home/phuclam/.m2/repository/org/eclipse/sisu/org.eclipse.sisu.plexus/0.9.0.M4/org.eclipse.sisu.plexus-0.9.0.M4.jar	b90579bc652eac7331436e0a25533fce14130b9c6e015f2dd3a3d4bb07e942b7
plugin-acquisition-maven-resources-plugin	org.codehaus.plexus:plexus-interpolation:1.29	/home/phuclam/.m2/repository/org/codehaus/plexus/plexus-interpolation/1.29/plexus-interpolation-1.29.jar	088d444dbcedfb384630d8686697ece3c401d6f33c8f8b3aa7259ea1c6996878
plugin-acquisition-maven-resources-plugin	org.codehaus.plexus:plexus-utils:3.6.0	/home/phuclam/.m2/repository/org/codehaus/plexus/plexus-utils/3.6.0/plexus-utils-3.6.0.jar	27ef130e32c236090e408fb5498d94cb9ea26d14070fb1c8985d607b62d098d1
model-pom	org.apache.maven.plugins:maven-compiler-plugin:3.15.0	/home/phuclam/.m2/repository/org/apache/maven/plugins/maven-compiler-plugin/3.15.0/maven-compiler-plugin-3.15.0.pom	2d2f7a7073c1def3b1473fbedad7dbfc559ed6fb0dc5a94edc347fd4905e7651
model-pom	org.apache.maven.shared:maven-shared-utils:3.4.2	/home/phuclam/.m2/repository/org/apache/maven/shared/maven-shared-utils/3.4.2/maven-shared-utils-3.4.2.pom	a941745d7faeb8dc9a75edc2c330c994b7440b9a44d21142716b6053967a41c1
model-pom	org.apache.maven.shared:maven-shared-components:39	/home/phuclam/.m2/repository/org/apache/maven/shared/maven-shared-components/39/maven-shared-components-39.pom	17e81388d88ba61c4055450ec90a32ee30acd07f46dc6e31e096b8e53735f4b2
model-pom	org.apache.maven:maven-parent:39	/home/phuclam/.m2/repository/org/apache/maven/maven-parent/39/maven-parent-39.pom	cfe4820aa1d96ae51d1dc5b0e2a9dc582c42478c24c95ca8238f547e60bef721
model-pom	org.apache:apache:29	/home/phuclam/.m2/repository/org/apache/apache/29/apache-29.pom	3e49037174820bbd0df63420a977255886398954c2a06291fa61f727ac35b377
model-pom	commons-io:commons-io:2.11.0	/home/phuclam/.m2/repository/commons-io/commons-io/2.11.0/commons-io-2.11.0.pom	2e016fd7e3244b5f2c20acad834d93aa4790486ee1e4564641361a3e831eef59
model-pom	org.apache.commons:commons-parent:52	/home/phuclam/.m2/repository/org/apache/commons/commons-parent/52/commons-parent-52.pom	75dbe8f34e98e4c3ff42daae4a2f9eb4cbcd3b5f1047d54460ace906dbb4502e
model-pom	org.apache:apache:23	/home/phuclam/.m2/repository/org/apache/apache/23/apache-23.pom	bc10624e0623f36577fac5639ca2936d3240ed152fb6d8d533ab4d270543491c
model-pom	org.junit:junit-bom:5.7.2	/home/phuclam/.m2/repository/org/junit/junit-bom/5.7.2/junit-bom-5.7.2.pom	cd14aaa869991f82021c585d570d31ff342bcba58bb44233b70193771b96487b
model-pom	org.apache.maven.shared:maven-shared-incremental:1.1	/home/phuclam/.m2/repository/org/apache/maven/shared/maven-shared-incremental/1.1/maven-shared-incremental-1.1.pom	f21d19eb49b4a66cd85354a9ee7335439ea92a368173760a202766008cc19924
model-pom	org.apache.maven.shared:maven-shared-components:19	/home/phuclam/.m2/repository/org/apache/maven/shared/maven-shared-components/19/maven-shared-components-19.pom	d82408269aada2eb1521ee8ff17f7c67333684f8ed2a09a9e35badd2e7575957
model-pom	org.apache.maven:maven-parent:23	/home/phuclam/.m2/repository/org/apache/maven/maven-parent/23/maven-parent-23.pom	5425501edd9e0bd7b01eca53cc92e06836d24851151304f9c6759e1713541685
model-pom	org.apache:apache:13	/home/phuclam/.m2/repository/org/apache/apache/13/apache-13.pom	ff513db0361fd41237bef4784968bc15aae478d4ec0a9496f811072ccaf3841d
model-pom	org.codehaus.plexus:plexus-java:1.5.2	/home/phuclam/.m2/repository/org/codehaus/plexus/plexus-java/1.5.2/plexus-java-1.5.2.pom	9617b619010dbb95c237e35bff7ee1d336cbcfd9ff5c229a935a9e3587ff0c37
model-pom	org.codehaus.plexus:plexus-languages:1.5.2	/home/phuclam/.m2/repository/org/codehaus/plexus/plexus-languages/1.5.2/plexus-languages-1.5.2.pom	9e7d29fc65089d69e75b559efaa5db8117dab3c579d0ef19759776d5643a492b
model-pom	com.thoughtworks.qdox:qdox:2.2.0	/home/phuclam/.m2/repository/com/thoughtworks/qdox/qdox/2.2.0/qdox-2.2.0.pom	c850fbad0b05eada85ca1bce22409a75f758aea0ca1e47a828c6a505ad361fab
model-pom	org.codehaus.plexus:plexus-compiler-api:2.16.2	/home/phuclam/.m2/repository/org/codehaus/plexus/plexus-compiler-api/2.16.2/plexus-compiler-api-2.16.2.pom	ae7ca19e5a3bafdf92a403edf8af5876c746024424059c719b1544de48384ff8
model-pom	org.codehaus.plexus:plexus-compiler:2.16.2	/home/phuclam/.m2/repository/org/codehaus/plexus/plexus-compiler/2.16.2/plexus-compiler-2.16.2.pom	53124330e5e1b45d1ef6eff5e41c4d4defe04403e5c894795b44269515b6611e
model-pom	org.codehaus.plexus:plexus:25	/home/phuclam/.m2/repository/org/codehaus/plexus/plexus/25/plexus-25.pom	faa7947c2020967ad0c92b259ee9fa361d05e90cd036d17c37098bb1edaea3a3
model-pom	org.codehaus.plexus:plexus-compiler-manager:2.16.2	/home/phuclam/.m2/repository/org/codehaus/plexus/plexus-compiler-manager/2.16.2/plexus-compiler-manager-2.16.2.pom	ba8d233dd73fc97c10f84bf23ef8f632cd19ced0f85dc335be2bdcb8e28e7bd0
model-pom	org.codehaus.plexus:plexus-compiler-javac:2.16.2	/home/phuclam/.m2/repository/org/codehaus/plexus/plexus-compiler-javac/2.16.2/plexus-compiler-javac-2.16.2.pom	b648754e6d99b381f7fc40328849c6f24d454263c03cf89c737d7c29831eb208
model-pom	org.codehaus.plexus:plexus-compilers:2.16.2	/home/phuclam/.m2/repository/org/codehaus/plexus/plexus-compilers/2.16.2/plexus-compilers-2.16.2.pom	835e6a3f53ed9f39d14a0fd2b367a47fde78698115464eddba4b5c5d9fd1250f
plugin-acquisition-maven-compiler-plugin	org.apache.maven.plugins:maven-compiler-plugin:3.15.0	/home/phuclam/.m2/repository/org/apache/maven/plugins/maven-compiler-plugin/3.15.0/maven-compiler-plugin-3.15.0.jar	6ea0ca0558ccf248c514aa94908d1f895a92e9b4e4604c1bb29f7a4ab1b833f0
plugin-acquisition-maven-compiler-plugin	org.ow2.asm:asm:9.9.1	/home/phuclam/.m2/repository/org/ow2/asm/asm/9.9.1/asm-9.9.1.jar	6f3828a215c920059a5efa2fb55c233d6c54ec5cadca99ce1b1bdd10077c7ddd
plugin-acquisition-maven-compiler-plugin	org.apache.maven.shared:maven-shared-utils:3.4.2	/home/phuclam/.m2/repository/org/apache/maven/shared/maven-shared-utils/3.4.2/maven-shared-utils-3.4.2.jar	b613357e1bad4dfc1dead801691c9460f9585fe7c6b466bc25186212d7d18487
plugin-acquisition-maven-compiler-plugin	org.slf4j:slf4j-api:1.7.36	/home/phuclam/.m2/repository/org/slf4j/slf4j-api/1.7.36/slf4j-api-1.7.36.jar	d3ef575e3e4979678dc01bf1dcce51021493b4d11fb7f1be8ad982877c16a1c0
plugin-acquisition-maven-compiler-plugin	commons-io:commons-io:2.11.0	/home/phuclam/.m2/repository/commons-io/commons-io/2.11.0/commons-io-2.11.0.jar	961b2f6d87dbacc5d54abf45ab7a6e2495f89b75598962d8c723cea9bc210908
plugin-acquisition-maven-compiler-plugin	org.apache.maven.shared:maven-shared-incremental:1.1	/home/phuclam/.m2/repository/org/apache/maven/shared/maven-shared-incremental/1.1/maven-shared-incremental-1.1.jar	61988e54486a5dc38f06c70fdae5b108556c63bd433697b9f4305fcdb30fa40e
plugin-acquisition-maven-compiler-plugin	org.codehaus.plexus:plexus-java:1.5.2	/home/phuclam/.m2/repository/org/codehaus/plexus/plexus-java/1.5.2/plexus-java-1.5.2.jar	1e6a4298e145c1e23af430b04ac53d76dc11077e0f3d36ef9c027ce790d96505
plugin-acquisition-maven-compiler-plugin	com.thoughtworks.qdox:qdox:2.2.0	/home/phuclam/.m2/repository/com/thoughtworks/qdox/qdox/2.2.0/qdox-2.2.0.jar	c260c3230b2340af97d54bf01f7f67ebc57c901922736c881bb11cb981302be2
plugin-acquisition-maven-compiler-plugin	org.codehaus.plexus:plexus-compiler-api:2.16.2	/home/phuclam/.m2/repository/org/codehaus/plexus/plexus-compiler-api/2.16.2/plexus-compiler-api-2.16.2.jar	db34d13c8d688063a946922f4de448c909ba43fec355ea15514495f33072b031
plugin-acquisition-maven-compiler-plugin	org.codehaus.plexus:plexus-compiler-manager:2.16.2	/home/phuclam/.m2/repository/org/codehaus/plexus/plexus-compiler-manager/2.16.2/plexus-compiler-manager-2.16.2.jar	99630ac196571a2754baa143a12723795b13020631902a6dff18dfb997e59b0e
plugin-acquisition-maven-compiler-plugin	javax.inject:javax.inject:1	/home/phuclam/.m2/repository/javax/inject/javax.inject/1/javax.inject-1.jar	91c77044a50c481636c32d916fd89c9118a72195390452c81065080f957de7ff
plugin-acquisition-maven-compiler-plugin	org.codehaus.plexus:plexus-xml:3.0.1	/home/phuclam/.m2/repository/org/codehaus/plexus/plexus-xml/3.0.1/plexus-xml-3.0.1.jar	c1a510a87a62bd2d74ac1472dd31c3f9e9b0b8b8568f37d77c0f135415bebd05
plugin-acquisition-maven-compiler-plugin	org.codehaus.plexus:plexus-compiler-javac:2.16.2	/home/phuclam/.m2/repository/org/codehaus/plexus/plexus-compiler-javac/2.16.2/plexus-compiler-javac-2.16.2.jar	e48141c146d6cb96619aafb07b2e10e1ac08f339e96ae4067ddd9c2d0f626672
plugin-acquisition-maven-compiler-plugin	org.codehaus.plexus:plexus-utils:4.0.2	/home/phuclam/.m2/repository/org/codehaus/plexus/plexus-utils/4.0.2/plexus-utils-4.0.2.jar	8957274e75fe2c278b1428dd16a0daeee1dd38152cb6eff816177ac28fccb697
model-pom	org.apache.maven.plugins:maven-jar-plugin:3.5.1	/home/phuclam/.m2/repository/org/apache/maven/plugins/maven-jar-plugin/3.5.1/maven-jar-plugin-3.5.1.pom	32de38ee39a6985e777019a6364774c02781ee312f9f4e530bbdb45b875b1e38
model-pom	org.apache.maven.plugins:maven-plugins:49	/home/phuclam/.m2/repository/org/apache/maven/plugins/maven-plugins/49/maven-plugins-49.pom	4225f860bccdcb48a315de478e70ab817b411077974de5c9d1b8e2761be5f515
model-pom	org.apache.maven:maven-parent:49	/home/phuclam/.m2/repository/org/apache/maven/maven-parent/49/maven-parent-49.pom	ca906201ee34de09e76632c5dec04a9b868ee38ce68c134b765fd1871d1d3eed
model-pom	org.apache:apache:39	/home/phuclam/.m2/repository/org/apache/apache/39/apache-39.pom	71752ed4c2435a1d8385fe0a4d330f39d04efec89f0d1ba5d1598d39f7397a44
model-pom	org.junit:junit-bom:5.14.4	/home/phuclam/.m2/repository/org/junit/junit-bom/5.14.4/junit-bom-5.14.4.pom	5706e8f29a0a07f56efbbea4a0670793414194bb8d24d8143ba1e787a2f32856
model-pom	org.apache.maven.shared:file-management:3.2.0	/home/phuclam/.m2/repository/org/apache/maven/shared/file-management/3.2.0/file-management-3.2.0.pom	04e3bdd6d1920d1cdba206bc35dd3c6e0646c5730969f8b5d5397e5f1c7b5edd
model-pom	org.apache.maven.shared:maven-shared-components:44	/home/phuclam/.m2/repository/org/apache/maven/shared/maven-shared-components/44/maven-shared-components-44.pom	41fbab97912beb3a061b1e3845d2e06d2bb214cc71f92fa7f396480dc765a14e
model-pom	org.apache.maven:maven-parent:44	/home/phuclam/.m2/repository/org/apache/maven/maven-parent/44/maven-parent-44.pom	1c0a088d7352d52ea8f3581d05778c0c4a679613fff2c58737fba55f1007fe24
model-pom	org.apache:apache:34	/home/phuclam/.m2/repository/org/apache/apache/34/apache-34.pom	3671ae9d4d062ae3bb985731c76088bb2f6f7d7254e2d304ee9f690b97651328
model-pom	org.junit:junit-bom:5.12.1	/home/phuclam/.m2/repository/org/junit/junit-bom/5.12.1/junit-bom-5.12.1.pom	7c826bc72beddc817dad9263027f9012a0f55a377d38df89c42932a2501c2bf0
model-pom	org.codehaus.plexus:plexus-utils:4.0.3	/home/phuclam/.m2/repository/org/codehaus/plexus/plexus-utils/4.0.3/plexus-utils-4.0.3.pom	35736658f3fe1efa395086c91df2592664fafa24c3f2608fdaba1136d17fd360
model-pom	commons-io:commons-io:2.19.0	/home/phuclam/.m2/repository/commons-io/commons-io/2.19.0/commons-io-2.19.0.pom	542b7a502ed61950d1b83112b51b1617d3407e3a4df5ab56a98d760e0f8c5950
model-pom	org.apache.maven:maven-archiver:3.6.6	/home/phuclam/.m2/repository/org/apache/maven/maven-archiver/3.6.6/maven-archiver-3.6.6.pom	4232a2477bcaacca4cb1b67af032d8683fc6a61aebd96a61a901ebc7e7e391e1
model-pom	org.apache.maven.shared:maven-shared-components:45	/home/phuclam/.m2/repository/org/apache/maven/shared/maven-shared-components/45/maven-shared-components-45.pom	5879e023d9bcafda006d28b42b2495c6f3db587d3e71eefa0a3cedeeea36d987
model-pom	org.codehaus.plexus:plexus-archiver:4.10.4	/home/phuclam/.m2/repository/org/codehaus/plexus/plexus-archiver/4.10.4/plexus-archiver-4.10.4.pom	53a2103d9257c801a8fc9c211d9fedea7e3ee1bf516bbbc28021ef45c1a219c5
model-pom	org.codehaus.plexus:plexus-io:3.6.0	/home/phuclam/.m2/repository/org/codehaus/plexus/plexus-io/3.6.0/plexus-io-3.6.0.pom	653432ed213573b6b209deb7346dc2ed89f20e647dbdb6fc868051b334b31d27
model-pom	commons-io:commons-io:2.20.0	/home/phuclam/.m2/repository/commons-io/commons-io/2.20.0/commons-io-2.20.0.pom	bdbdf81072c190ee9a8b181a5c58f5bd917a750fb13a256debbf53f5dbd33a2a
model-pom	org.apache.commons:commons-parent:85	/home/phuclam/.m2/repository/org/apache/commons/commons-parent/85/commons-parent-85.pom	d189ff2c0027e96bb65d31e6f227ed2af966169b36af1e973dd5ba08926dc7b5
model-pom	org.apache.commons:commons-compress:1.28.0	/home/phuclam/.m2/repository/org/apache/commons/commons-compress/1.28.0/commons-compress-1.28.0.pom	033f4c78d632da88d0eb8ead974fc14a264392cebf12ab6c68d6cea7adf0c64a
model-pom	commons-codec:commons-codec:1.19.0	/home/phuclam/.m2/repository/commons-codec/commons-codec/1.19.0/commons-codec-1.19.0.pom	e0f3269fa23de0c83130c5659f5f9514cc5422c0bcdf45f2eae004a78b9fca34
model-pom	org.apache.commons:commons-lang3:3.18.0	/home/phuclam/.m2/repository/org/apache/commons/commons-lang3/3.18.0/commons-lang3-3.18.0.pom	aa254b373b6f6d46bc9dca86331b072a8ab86eb25ea9921fd439618392e98a16
model-pom	io.airlift:aircompressor:0.27	/home/phuclam/.m2/repository/io/airlift/aircompressor/0.27/aircompressor-0.27.pom	5aacda89be38563bdf3bfac79333616c0802ca617070dea66ba649507c994441
model-pom	io.airlift:airbase:112	/home/phuclam/.m2/repository/io/airlift/airbase/112/airbase-112.pom	18ccd104cbd97eb44bd57b68c047ab7ff81fbc800987f82d815c68ac4c2304ce
model-pom	org.junit:junit-bom:5.8.0-M1	/home/phuclam/.m2/repository/org/junit/junit-bom/5.8.0-M1/junit-bom-5.8.0-M1.pom	77144432ffc68bd98a790ab1069619d91032cfc0e4e13c08163aa03da36fd6e2
model-pom	org.tukaani:xz:1.10	/home/phuclam/.m2/repository/org/tukaani/xz/1.10/xz-1.10.pom	ef608b83c3bb6c8e3e6b3beaa38842ba15963b46495e4af91b0746c8b750f3b9
model-pom	com.github.luben:zstd-jni:1.5.7-6	/home/phuclam/.m2/repository/com/github/luben/zstd-jni/1.5.7-6/zstd-jni-1.5.7-6.pom	794d9b995ed59165c54243dcc73fe9483d7fe1af7fb80fcd89a5ae5b693f3eb7
model-pom	org.codehaus.plexus:plexus-archiver:4.12.0	/home/phuclam/.m2/repository/org/codehaus/plexus/plexus-archiver/4.12.0/plexus-archiver-4.12.0.pom	4b3b26c438d0b41d5a0613787115ea4013adeae1478314535976b2b3a65fc2f8
model-pom	commons-io:commons-io:2.22.0	/home/phuclam/.m2/repository/commons-io/commons-io/2.22.0/commons-io-2.22.0.pom	6425cec0ea760035efa77277de85f89fa6dbed147ab3dd95b8d2cbc55340accf
model-pom	org.apache.commons:commons-parent:98	/home/phuclam/.m2/repository/org/apache/commons/commons-parent/98/commons-parent-98.pom	d40318527f56033e0ff0789971cc38c856aa99a685eea11270814e7f1eda9fba
model-pom	org.tukaani:xz:1.12	/home/phuclam/.m2/repository/org/tukaani/xz/1.12/xz-1.12.pom	937b44d869c059c39f07ae194d8cd6219f5aebf2200ef9707f0b50b7837da281
model-pom	com.github.luben:zstd-jni:1.5.7-9	/home/phuclam/.m2/repository/com/github/luben/zstd-jni/1.5.7-9/zstd-jni-1.5.7-9.pom	4412e133520b8f9d01d3601080ce7fe146ee486f6a5a69ca9278d4a4ec69704d
plugin-acquisition-maven-jar-plugin	org.apache.maven.plugins:maven-jar-plugin:3.5.1	/home/phuclam/.m2/repository/org/apache/maven/plugins/maven-jar-plugin/3.5.1/maven-jar-plugin-3.5.1.jar	c83db6059be3fec9a4a68a0e226caefaa944663008617c697e087444415181d5
plugin-acquisition-maven-jar-plugin	org.apache.maven.shared:file-management:3.2.0	/home/phuclam/.m2/repository/org/apache/maven/shared/file-management/3.2.0/file-management-3.2.0.jar	32ac469785dd1547ac71437e4c3916c4a56a3d69303cb08d789ecdd0bfd1d6de
plugin-acquisition-maven-jar-plugin	org.codehaus.plexus:plexus-utils:4.0.3	/home/phuclam/.m2/repository/org/codehaus/plexus/plexus-utils/4.0.3/plexus-utils-4.0.3.jar	421ff6ed146c53a9d4eaade8f629b52b12af7187101f1bd06c2c64e904019f3c
plugin-acquisition-maven-jar-plugin	org.apache.maven:maven-archiver:3.6.6	/home/phuclam/.m2/repository/org/apache/maven/maven-archiver/3.6.6/maven-archiver-3.6.6.jar	9037dee318a68d7ee5dd2e20f2e657a39597ed2622b52e325ab9becddfbc4d38
plugin-acquisition-maven-jar-plugin	org.codehaus.plexus:plexus-interpolation:1.29	/home/phuclam/.m2/repository/org/codehaus/plexus/plexus-interpolation/1.29/plexus-interpolation-1.29.jar	088d444dbcedfb384630d8686697ece3c401d6f33c8f8b3aa7259ea1c6996878
plugin-acquisition-maven-jar-plugin	org.codehaus.plexus:plexus-xml:3.0.1	/home/phuclam/.m2/repository/org/codehaus/plexus/plexus-xml/3.0.1/plexus-xml-3.0.1.jar	c1a510a87a62bd2d74ac1472dd31c3f9e9b0b8b8568f37d77c0f135415bebd05
plugin-acquisition-maven-jar-plugin	org.codehaus.plexus:plexus-archiver:4.12.0	/home/phuclam/.m2/repository/org/codehaus/plexus/plexus-archiver/4.12.0/plexus-archiver-4.12.0.jar	b1e9798a6d711d1e7760d50c78be8be746bb546b87df0a2d7ef67db5eda5431e
plugin-acquisition-maven-jar-plugin	org.codehaus.plexus:plexus-io:3.6.0	/home/phuclam/.m2/repository/org/codehaus/plexus/plexus-io/3.6.0/plexus-io-3.6.0.jar	fc0f3effea7514e4f214df1afb672f54c982e78e5ca3b32b34196c7d056a1aa4
plugin-acquisition-maven-jar-plugin	org.apache.commons:commons-compress:1.28.0	/home/phuclam/.m2/repository/org/apache/commons/commons-compress/1.28.0/commons-compress-1.28.0.jar	e1522945218456f3649a39bc4afd70ce4bd466221519dba7d378f2141a4642ca
plugin-acquisition-maven-jar-plugin	commons-codec:commons-codec:1.19.0	/home/phuclam/.m2/repository/commons-codec/commons-codec/1.19.0/commons-codec-1.19.0.jar	5c3881e4f556855e9c532927ee0c9dfde94cc66760d5805c031a59887070af5f
plugin-acquisition-maven-jar-plugin	org.apache.commons:commons-lang3:3.18.0	/home/phuclam/.m2/repository/org/apache/commons/commons-lang3/3.18.0/commons-lang3-3.18.0.jar	4eeeae8d20c078abb64b015ec158add383ac581571cddc45c68f0c9ae0230720
plugin-acquisition-maven-jar-plugin	org.tukaani:xz:1.12	/home/phuclam/.m2/repository/org/tukaani/xz/1.12/xz-1.12.jar	3e158a87bd73d8afb4b6e8239c013b7d049c48563f45860ce99cd2e448cf4a6b
plugin-acquisition-maven-jar-plugin	com.github.luben:zstd-jni:1.5.7-9	/home/phuclam/.m2/repository/com/github/luben/zstd-jni/1.5.7-9/zstd-jni-1.5.7-9.jar	087d02f39a46ab79b18f883ac7c3a3d6c2df1fd3bf7eaafeade699e0743d0dbe
plugin-acquisition-maven-jar-plugin	javax.inject:javax.inject:1	/home/phuclam/.m2/repository/javax/inject/javax.inject/1/javax.inject-1.jar	91c77044a50c481636c32d916fd89c9118a72195390452c81065080f957de7ff
plugin-acquisition-maven-jar-plugin	org.slf4j:slf4j-api:1.7.36	/home/phuclam/.m2/repository/org/slf4j/slf4j-api/1.7.36/slf4j-api-1.7.36.jar	d3ef575e3e4979678dc01bf1dcce51021493b4d11fb7f1be8ad982877c16a1c0
plugin-acquisition-maven-jar-plugin	commons-io:commons-io:2.22.0	/home/phuclam/.m2/repository/commons-io/commons-io/2.22.0/commons-io-2.22.0.jar	2b9a7b1f726fb86216dbd2c8321eabe0221dbd5b1be81c18e1cb53811b104758
model-pom	org.apache.maven.plugins:maven-surefire-plugin:3.5.6	/home/phuclam/.m2/repository/org/apache/maven/plugins/maven-surefire-plugin/3.5.6/maven-surefire-plugin-3.5.6.pom	a9fe60995e2bf4146e3bdd4e4a12737bdafd23cffa52626af57e2162cb077ee1
model-pom	org.apache.maven.surefire:surefire:3.5.6	/home/phuclam/.m2/repository/org/apache/maven/surefire/surefire/3.5.6/surefire-3.5.6.pom	419678335ab6c41d3eee332ade9bf1274c284b226c3b4d8ac1aa407961561ce7
model-pom	org.apache.maven.surefire:surefire-api:3.5.6	/home/phuclam/.m2/repository/org/apache/maven/surefire/surefire-api/3.5.6/surefire-api-3.5.6.pom	bccac2ece4fe005abc8cb50f696187aa70be27536dc39cb72abea2009acbecfa
model-pom	org.apache.maven.surefire:surefire-logger-api:3.5.6	/home/phuclam/.m2/repository/org/apache/maven/surefire/surefire-logger-api/3.5.6/surefire-logger-api-3.5.6.pom	a50b35f10aa31e69ba52755c31aaaef98be0b630ff6570d7cb081c34fadaefe8
model-pom	org.apache.maven.surefire:surefire-shared-utils:3.5.6	/home/phuclam/.m2/repository/org/apache/maven/surefire/surefire-shared-utils/3.5.6/surefire-shared-utils-3.5.6.pom	0f5d83342185ba129aa9137bcd776fa9d859caa29ae199241effbbe515341335
model-pom	org.apache.maven.surefire:surefire-extensions-api:3.5.6	/home/phuclam/.m2/repository/org/apache/maven/surefire/surefire-extensions-api/3.5.6/surefire-extensions-api-3.5.6.pom	658c4269c47f464de7a7d7dd07031661a4b008ef87592de05c85719ef3bfc3b1
model-pom	org.apache.maven.surefire:maven-surefire-common:3.5.6	/home/phuclam/.m2/repository/org/apache/maven/surefire/maven-surefire-common/3.5.6/maven-surefire-common-3.5.6.pom	cf9b4bb72eeb22554fc9afb463d5ee04f1f2786da4101c70ab9985a482858622
model-pom	org.apache.maven.surefire:surefire-booter:3.5.6	/home/phuclam/.m2/repository/org/apache/maven/surefire/surefire-booter/3.5.6/surefire-booter-3.5.6.pom	4dbe8cf4d6d563cb9bca0fc23ffde92fe4055efe29c37f2590633b62efbef6f9
model-pom	org.apache.maven.surefire:surefire-extensions-spi:3.5.6	/home/phuclam/.m2/repository/org/apache/maven/surefire/surefire-extensions-spi/3.5.6/surefire-extensions-spi-3.5.6.pom	800dbbb51f836d77f58696614377052b4551cfe8349ce097a24505742e78eff8
plugin-acquisition-maven-surefire-plugin	org.apache.maven.plugins:maven-surefire-plugin:3.5.6	/home/phuclam/.m2/repository/org/apache/maven/plugins/maven-surefire-plugin/3.5.6/maven-surefire-plugin-3.5.6.jar	5fea3d2f0ad1d790717d66aa31d995c22ca528612316f8380d67c40367af3464
plugin-acquisition-maven-surefire-plugin	org.apache.maven.surefire:surefire-api:3.5.6	/home/phuclam/.m2/repository/org/apache/maven/surefire/surefire-api/3.5.6/surefire-api-3.5.6.jar	331defab7586a785e541a476f08112881b07068981ece3239676e1b3aa58ca14
plugin-acquisition-maven-surefire-plugin	org.apache.maven.surefire:surefire-logger-api:3.5.6	/home/phuclam/.m2/repository/org/apache/maven/surefire/surefire-logger-api/3.5.6/surefire-logger-api-3.5.6.jar	ac67f08b58d5e490272f3f41ed511ea0ee8ef177d515b93d392e144251ad856c
plugin-acquisition-maven-surefire-plugin	org.apache.maven.surefire:surefire-shared-utils:3.5.6	/home/phuclam/.m2/repository/org/apache/maven/surefire/surefire-shared-utils/3.5.6/surefire-shared-utils-3.5.6.jar	b21563bce49411d872bd48a402af06dfc07670464bfdaa2ef7918f216c42758a
plugin-acquisition-maven-surefire-plugin	org.apache.maven.surefire:surefire-extensions-api:3.5.6	/home/phuclam/.m2/repository/org/apache/maven/surefire/surefire-extensions-api/3.5.6/surefire-extensions-api-3.5.6.jar	57ce1a7a9eb87f8ba2eda7f7449877d8c03da8e541e9036cd9c5cdfb1b7a1c08
plugin-acquisition-maven-surefire-plugin	org.apache.maven.surefire:maven-surefire-common:3.5.6	/home/phuclam/.m2/repository/org/apache/maven/surefire/maven-surefire-common/3.5.6/maven-surefire-common-3.5.6.jar	30c9e2bb7f1bb800482e42c208c144124132ec3c3b4b87ab5abda8b60c9f29b9
plugin-acquisition-maven-surefire-plugin	org.apache.maven.surefire:surefire-booter:3.5.6	/home/phuclam/.m2/repository/org/apache/maven/surefire/surefire-booter/3.5.6/surefire-booter-3.5.6.jar	5b1c75591b42467926b22ba0e80e2e68cb4779024097694f34a53321ba5acf9d
plugin-acquisition-maven-surefire-plugin	org.apache.maven.surefire:surefire-extensions-spi:3.5.6	/home/phuclam/.m2/repository/org/apache/maven/surefire/surefire-extensions-spi/3.5.6/surefire-extensions-spi-3.5.6.jar	ae22348985e0acdf223f11615846290704899f12aeec8ad82b4d1db38a0767db
plugin-acquisition-maven-surefire-plugin	org.apache.maven.resolver:maven-resolver-util:1.4.1	/home/phuclam/.m2/repository/org/apache/maven/resolver/maven-resolver-util/1.4.1/maven-resolver-util-1.4.1.jar	6b2184872fa7cc2ef5a90481b56af9711c15b371e69ab52f0f31bf24e910dd82
plugin-acquisition-maven-surefire-plugin	org.apache.maven.resolver:maven-resolver-api:1.4.1	/home/phuclam/.m2/repository/org/apache/maven/resolver/maven-resolver-api/1.4.1/maven-resolver-api-1.4.1.jar	33dc67306cc95da14e5444e8b494d967924abf1d01bae1894676164cbd3f6112
plugin-acquisition-maven-surefire-plugin	org.apache.maven.shared:maven-common-artifact-filters:3.4.0	/home/phuclam/.m2/repository/org/apache/maven/shared/maven-common-artifact-filters/3.4.0/maven-common-artifact-filters-3.4.0.jar	931a77aa9dad6c91f10fcfafa70adc7608c004576b4924c74ecbffb27568a880
plugin-acquisition-maven-surefire-plugin	org.slf4j:slf4j-api:1.7.36	/home/phuclam/.m2/repository/org/slf4j/slf4j-api/1.7.36/slf4j-api-1.7.36.jar	d3ef575e3e4979678dc01bf1dcce51021493b4d11fb7f1be8ad982877c16a1c0
plugin-acquisition-maven-surefire-plugin	org.codehaus.plexus:plexus-java:1.5.2	/home/phuclam/.m2/repository/org/codehaus/plexus/plexus-java/1.5.2/plexus-java-1.5.2.jar	1e6a4298e145c1e23af430b04ac53d76dc11077e0f3d36ef9c027ce790d96505
plugin-acquisition-maven-surefire-plugin	org.ow2.asm:asm:9.9.1	/home/phuclam/.m2/repository/org/ow2/asm/asm/9.9.1/asm-9.9.1.jar	6f3828a215c920059a5efa2fb55c233d6c54ec5cadca99ce1b1bdd10077c7ddd
plugin-acquisition-maven-surefire-plugin	com.thoughtworks.qdox:qdox:2.2.0	/home/phuclam/.m2/repository/com/thoughtworks/qdox/qdox/2.2.0/qdox-2.2.0.jar	c260c3230b2340af97d54bf01f7f67ebc57c901922736c881bb11cb981302be2
