name	version	lock_source	lock_checksum	binding_lock_union_reachable	evidence_status	selected_grant	current_use_proposed_disposition	legal_and_identity_evidence_json	limitation
adler2	2.0.1	registry+https://github.com/rust-lang/crates.io-index	320119579fcad9c21884f5c4861d16174d0e06250625266f50fe6898340abefa	YES	GRANT-TEXT-VERIFIED	Apache-2.0	APPROVED-WITH-OBLIGATIONS	[{"url":"https://docs.rs/crate/adler2/2.0.1/source/LICENSE-0BSD","sha256":"861399f8c21c042b110517e76dc6b63a2b334276c8cf17412fc3c8908ca8dc17","bytes":665,"grant":"UNCLASSIFIED-0BSD-TEXT; not selected"},{"url":"https://docs.rs/crate/adler2/2.0.1/source/LICENSE-APACHE","sha256":"8ada45cd9f843acf64e4722ae262c622a2b3b3007c7310ef36ac1061a30f6adb","bytes":10860,"grant":"Apache-2.0"}]	 Legal fetch failed: LICENSE-MIT; Author review corrected automated ISC false classification of LICENSE-0BSD; selects independently observed complete Apache-2.0 alternative; no rerun inferred.
ahash	0.8.12	registry+https://github.com/rust-lang/crates.io-index	5a15f179cd60c4584b8a8c596927aadc462e27f2ca70c04e0071964a73ba7a75	YES	GRANT-TEXT-VERIFIED	Apache-2.0	APPROVED-WITH-OBLIGATIONS	[{"url":"https://docs.rs/crate/ahash/0.8.12/source/LICENSE-APACHE","sha256":"a60eea817514531668d7e00765731449fe14d059d3249e0bc93b36de45f759f2","bytes":10847,"grant":"Apache-2.0"},{"url":"https://docs.rs/crate/ahash/0.8.12/source/LICENSE-MIT","sha256":"0444c6991eead6822f7b9102e654448d51624431119546492e8b231db42c48bb","bytes":1057,"grant":"MIT"}]	NONE-RECORDED
aho-corasick	1.1.4	registry+https://github.com/rust-lang/crates.io-index	ddd31a130427c27518df266943a5308ed92d4b226cc639f5a8f1002816174301	YES	GRANT-TEXT-VERIFIED	MIT	APPROVED-WITH-OBLIGATIONS	[{"url":"https://docs.rs/crate/aho-corasick/1.1.4/source/COPYING","sha256":"01c266bced4a434da0051174d6bee16a4c82cf634e2679b6155d40d75012390f","bytes":126,"grant":""},{"url":"https://docs.rs/crate/aho-corasick/1.1.4/source/LICENSE-MIT","sha256":"0f96a83840e146e43c0ec96a22ec1f392e0680e6c1226e6f3ba87e0740af850f","bytes":1081,"grant":"MIT"}]	Manual primary-source read of exact LICENSE-MIT confirms complete grant, notice condition and disclaimer; initial recognizer line-break failure corrected by direct inspection. UNLICENSE fetch unsuccessful; no reliance on that alternative.
allocator-api2	0.2.21	registry+https://github.com/rust-lang/crates.io-index	683d7910e743518b0e34f1186f92494becacb047c7b6bf616c96772180fef923	YES	GRANT-TEXT-VERIFIED	Apache-2.0	APPROVED-WITH-OBLIGATIONS	[{"url":"https://docs.rs/crate/allocator-api2/0.2.21/source/LICENSE-APACHE","sha256":"20fe7b00e904ed690e3b9fd6073784d3fc428141dbd10b81c01fd143d0797f58","bytes":9899,"grant":"Apache-2.0"},{"url":"https://docs.rs/crate/allocator-api2/0.2.21/source/LICENSE-MIT","sha256":"36516aefdc84c5d5a1e7485425913a22dbda69eb1930c5e84d6ae4972b5194b9","bytes":1046,"grant":"MIT"}]	NONE-RECORDED
anyhow	1.0.104	registry+https://github.com/rust-lang/crates.io-index	330a5ed07fa54e4702c9d6c4174f74427fc0ef6e214bbd677ae50a5099946470	YES	GRANT-TEXT-VERIFIED	Apache-2.0	APPROVED-WITH-OBLIGATIONS	[{"url":"https://docs.rs/crate/anyhow/1.0.104/source/LICENSE-APACHE","sha256":"62c7a1e35f56406896d7aa7ca52d0cc0d272ac022b5d2796e7d6905db8a3636a","bytes":9723,"grant":"Apache-2.0"},{"url":"https://docs.rs/crate/anyhow/1.0.104/source/LICENSE-MIT","sha256":"23f18e03dc49df91622fe2a76176497404e46ced8a715d9d2b67a7446571cca3","bytes":1023,"grant":"MIT"}]	NONE-RECORDED
append-only-vec	0.1.8	registry+https://github.com/rust-lang/crates.io-index	2114736faba96bcd79595c700d03183f61357b9fbce14852515e59f3bee4ed4a	YES	GRANT-TEXT-VERIFIED	Apache-2.0	APPROVED-WITH-OBLIGATIONS	[{"url":"https://docs.rs/crate/append-only-vec/0.1.8/source/LICENSE-APACHE","sha256":"62c7a1e35f56406896d7aa7ca52d0cc0d272ac022b5d2796e7d6905db8a3636a","bytes":9723,"grant":"Apache-2.0"}]	 Legal fetch failed: LICENSE-MIT;
approx	0.5.1	registry+https://github.com/rust-lang/crates.io-index	cab112f0a86d568ea0e627cc1d6be74a1e9cd55214684db5561995f6dad897c6	YES	GRANT-TEXT-VERIFIED	Apache-2.0	APPROVED-WITH-OBLIGATIONS	[{"url":"https://docs.rs/crate/approx/0.5.1/source/LICENSE","sha256":"3ddf9be5c28fe27dad143a5dc76eea25222ad1dd68934a047064e56ed2fa40c5","bytes":11560,"grant":"Apache-2.0"}]	NONE-RECORDED
arcstr	1.2.0	registry+https://github.com/rust-lang/crates.io-index	03918c3dbd7701a85c6b9887732e2921175f26c350b4563841d0958c21d57e6d	YES	GRANT-TEXT-VERIFIED	Apache-2.0	APPROVED-WITH-OBLIGATIONS	[{"url":"https://docs.rs/crate/arcstr/1.2.0/source/LICENSE-APACHE","sha256":"a8a76b5fd1f1e53246d8d12dac4e6bed981f93b1f94d63f4edbf9a367b83cfc4","bytes":10842,"grant":"Apache-2.0"}]	 Legal fetch failed: LICENSE-MIT; Legal fetch failed: LICENSE-ZLIB;
arrayvec	0.7.8	registry+https://github.com/rust-lang/crates.io-index	d3fb67a6e08acf24fdeccbac2cb6ac4305825bd1f117462e0e6f2f193345ad56	YES	GRANT-TEXT-VERIFIED	Apache-2.0	APPROVED-WITH-OBLIGATIONS	[{"url":"https://docs.rs/crate/arrayvec/0.7.8/source/LICENSE-APACHE","sha256":"a60eea817514531668d7e00765731449fe14d059d3249e0bc93b36de45f759f2","bytes":10847,"grant":"Apache-2.0"},{"url":"https://docs.rs/crate/arrayvec/0.7.8/source/LICENSE-MIT","sha256":"4da95ec4ecb65b738d470b7d762894ad9c97da93e6cbfb18b570fc2c96f4b871","bytes":1071,"grant":"MIT"}]	NONE-RECORDED
async-channel	2.5.0	registry+https://github.com/rust-lang/crates.io-index	924ed96dd52d1b75e9c1a3e6275715fd320f5f9439fb5a4a11fa51f4221158d2	YES	GRANT-TEXT-VERIFIED	Apache-2.0	APPROVED-WITH-OBLIGATIONS	[{"url":"https://docs.rs/crate/async-channel/2.5.0/source/LICENSE-APACHE","sha256":"a60eea817514531668d7e00765731449fe14d059d3249e0bc93b36de45f759f2","bytes":10847,"grant":"Apache-2.0"}]	 Legal fetch failed: LICENSE-MIT;
async-scoped	0.9.0	registry+https://github.com/rust-lang/crates.io-index	4042078ea593edffc452eef14e99fdb2b120caa4ad9618bcdeabc4a023b98740	YES	UNKNOWN		COVERAGE-UNKNOWN	[]	No root legal file found in exact source listing
autocfg	1.5.1	registry+https://github.com/rust-lang/crates.io-index	f2032f911046de80f0a198e0901378627c33f59ea0ac00e363d481118bd70a53	YES	GRANT-TEXT-VERIFIED	Apache-2.0	APPROVED-WITH-OBLIGATIONS	[{"url":"https://docs.rs/crate/autocfg/1.5.1/source/LICENSE-APACHE","sha256":"a60eea817514531668d7e00765731449fe14d059d3249e0bc93b36de45f759f2","bytes":10847,"grant":"Apache-2.0"},{"url":"https://docs.rs/crate/autocfg/1.5.1/source/LICENSE-MIT","sha256":"27995d58ad5c1145c1a8cd86244ce844886958a35eb2b78c6b772748669999ac","bytes":1054,"grant":"MIT"}]	NONE-RECORDED
base-encode	0.3.1	registry+https://github.com/rust-lang/crates.io-index	a17bd29f7c70f32e9387f4d4acfa5ea7b7749ef784fb78cf382df97069337b8c	YES	UNKNOWN		COVERAGE-UNKNOWN	[]	No root legal file found in exact source listing
base64	0.23.0	registry+https://github.com/rust-lang/crates.io-index	b25655df2c3cdd83c5e5b293b88acd880332b2ddadd7c30ac43144fdc0033da9	YES	UNKNOWN		COVERAGE-UNKNOWN	[{"url":"https://docs.rs/crate/base64/0.23.0/source/LICENSE-MIT","sha256":"ab499c75a0f0da8e0fe83bf9ba3a27e5c39705310f07107c6c66b69958d2401c","bytes":1093,"grant":""}]	 Legal fetch failed: LICENSE-APACHE; Root text read but no complete recognized grant established; manual review required
base64-simd	0.8.0	registry+https://github.com/rust-lang/crates.io-index	339abbe78e73178762e23bea9dfd08e697eb3f3301cd4be981c0f78ba5859195	YES	UNKNOWN		COVERAGE-UNKNOWN	[]	Exact docs.rs source listing unavailable: Response status code does not indicate success: 429 ().
bench	0.1.0	LOCAL-WORKSPACE		NO	WORKSPACE-SOURCE		PARENT-SOURCE-GRANT-SEPARATE	[]	Local package; exact repository grant is examined separately
bit-set	0.8.0	registry+https://github.com/rust-lang/crates.io-index	08807e080ed7f9d5433fa9b275196cfc35414f66a0c79d864dc51a0d825231a3	YES	GRANT-TEXT-VERIFIED	Apache-2.0	APPROVED-WITH-OBLIGATIONS	[{"url":"https://docs.rs/crate/bit-set/0.8.0/source/LICENSE-APACHE","sha256":"8173d5c29b4f956d532781d2b86e4e30f83e6b7878dce18c919451d6ba707c90","bytes":10850,"grant":"Apache-2.0"},{"url":"https://docs.rs/crate/bit-set/0.8.0/source/LICENSE-MIT","sha256":"f51ac2c59a222f7476ce507ca879960e2b64ea64bb2786eefdbeb7b0b538d1b7","bytes":1071,"grant":"MIT"}]	NONE-RECORDED
bit-vec	0.8.0	registry+https://github.com/rust-lang/crates.io-index	5e764a1d40d510daf35e07be9eb06e75770908c27d411ee6c92109c9840eaaf7	YES	UNKNOWN		COVERAGE-UNKNOWN	[]	Exact docs.rs source listing unavailable: Response status code does not indicate success: 429 ().
bitflags	2.13.2	registry+https://github.com/rust-lang/crates.io-index	3ded4057c258ba199e2d26386d3af3780957ecaee6c4ef4041c6b4b8b97c0b06	YES	UNKNOWN		COVERAGE-UNKNOWN	[]	Exact docs.rs source listing unavailable: Response status code does not indicate success: 429 ().
blake3	1.8.7	registry+https://github.com/rust-lang/crates.io-index	6d9e454fc11f76977dc803893aff6304ed33d6a26efae8696573bea74baa27ae	YES	UNKNOWN		COVERAGE-UNKNOWN	[]	Exact docs.rs source listing unavailable: Response status code does not indicate success: 429 ().
borrow-or-share	0.2.4	registry+https://github.com/rust-lang/crates.io-index	dc0b364ead1874514c8c2855ab558056ebfeb775653e7ae45ff72f28f8f3166c	YES	UNKNOWN		COVERAGE-UNKNOWN	[]	Exact docs.rs source listing unavailable: Response status code does not indicate success: 429 ().
bpaf	0.9.26	registry+https://github.com/rust-lang/crates.io-index	0b86829876e7e200161a5aa6ea688d46c32d64d70ee3100127790dde84688d6e	YES	UNKNOWN		COVERAGE-UNKNOWN	[]	 Legal fetch failed: LICENSE-APACHE; Legal fetch failed: LICENSE-MIT; Root text read but no complete recognized grant established; manual review required
bstr	1.13.0	registry+https://github.com/rust-lang/crates.io-index	1f7dc094d718f2e1c1559ad110e27eeaae14a5465d3d56dd6dbd793079fbd530	NO	GRANT-TEXT-VERIFIED	Apache-2.0	APPROVED-WITH-OBLIGATIONS	[{"url":"https://docs.rs/crate/bstr/1.13.0/source/LICENSE-APACHE","sha256":"a60eea817514531668d7e00765731449fe14d059d3249e0bc93b36de45f759f2","bytes":10847,"grant":"Apache-2.0"}]	 Legal fetch failed: COPYING; Legal fetch failed: LICENSE-MIT;
bumpalo	3.20.3	registry+https://github.com/rust-lang/crates.io-index	72f5acc6cb2ba439de613abc23857ec3d78374d8ed5ac84e9d11336e87da8649	YES	UNKNOWN		COVERAGE-UNKNOWN	[]	 Legal fetch failed: LICENSE-APACHE; Legal fetch failed: LICENSE-MIT; Root text read but no complete recognized grant established; manual review required
bytecount	0.6.9	registry+https://github.com/rust-lang/crates.io-index	175812e0be2bccb6abe50bb8d566126198344f707e304f45c648fd8f2cc0365e	YES	UNKNOWN		COVERAGE-UNKNOWN	[]	Exact docs.rs source listing unavailable: Response status code does not indicate success: 429 ().
byteorder	1.5.0	registry+https://github.com/rust-lang/crates.io-index	1fd0f2584146f6f2ef48085050886acf353beff7305ebd1ae69500e27c67f64b	YES	UNKNOWN		COVERAGE-UNKNOWN	[]	Exact docs.rs source listing unavailable: Response status code does not indicate success: 429 ().
cast	0.3.0	registry+https://github.com/rust-lang/crates.io-index	37b2a672a2cb129a2e41c10b1224bb368f9f37a2b16b612598138befd7b37eb5	YES	GRANT-TEXT-VERIFIED	MIT	APPROVED-WITH-OBLIGATIONS	[{"url":"https://docs.rs/crate/cast/0.3.0/source/LICENSE-MIT","sha256":"005b3f9b4687364514bbaea2a25e96d54ce6a59277d157386e8259cbcae8e095","bytes":1063,"grant":"MIT"}]	 Legal fetch failed: LICENSE-APACHE;
castaway	0.2.4	registry+https://github.com/rust-lang/crates.io-index	dec551ab6e7578819132c713a93c022a05d60159dc86e7a7050223577484c55a	YES	UNKNOWN		COVERAGE-UNKNOWN	[]	 Legal fetch failed: LICENSE; Root text read but no complete recognized grant established; manual review required
cc	1.3.0	registry+https://github.com/rust-lang/crates.io-index	c89588d05638b5b4594a3348a2d6c20277e43a7f5c5202b05cc56888475a47b8	YES	UNKNOWN		COVERAGE-UNKNOWN	[]	Exact docs.rs source listing unavailable: Response status code does not indicate success: 429 ().
cfg_aliases	0.2.2	registry+https://github.com/rust-lang/crates.io-index	f079e83a288787bcd14a6aea84cee5c87a67c5a3e660c30f557a3d24761b3527	YES	UNKNOWN		COVERAGE-UNKNOWN	[]	Exact docs.rs source listing unavailable: Response status code does not indicate success: 429 ().
cfg-if	1.0.4	registry+https://github.com/rust-lang/crates.io-index	9330f8b2ff13f34540b44e946ef35111825727b38d33286ef986142615121801	YES	GRANT-TEXT-VERIFIED	MIT	APPROVED-WITH-OBLIGATIONS	[{"url":"https://docs.rs/crate/cfg-if/1.0.4/source/LICENSE-MIT","sha256":"378f5840b258e2779c39418f3f2d7b2ba96f1c7917dd6be0713f88305dbda397","bytes":1057,"grant":"MIT"}]	 Legal fetch failed: LICENSE-APACHE;
ciborium	0.2.2	registry+https://github.com/rust-lang/crates.io-index	42e69ffd6f0917f5c029256a24d0161db17cea3997d185db0d35926308770f0e	YES	GRANT-TEXT-VERIFIED	Apache-2.0	APPROVED-WITH-OBLIGATIONS	[{"url":"https://docs.rs/crate/ciborium/0.2.2/source/LICENSE","sha256":"c71d239df91726fc519c6eb72d318ec65820627232b2f796219e87dcf35d0ab4","bytes":11357,"grant":"Apache-2.0"}]	NONE-RECORDED
ciborium-io	0.2.2	registry+https://github.com/rust-lang/crates.io-index	05afea1e0a06c9be33d539b876f1ce3692f4afea2cb41f740e7743225ed1c757	YES	UNKNOWN		COVERAGE-UNKNOWN	[]	 Legal fetch failed: LICENSE; Root text read but no complete recognized grant established; manual review required
ciborium-ll	0.2.2	registry+https://github.com/rust-lang/crates.io-index	57663b653d948a338bfb3eeba9bb2fd5fcfaecb9e199e87e1eda4d9e8b240fd9	YES	UNKNOWN		COVERAGE-UNKNOWN	[]	 Legal fetch failed: LICENSE; Root text read but no complete recognized grant established; manual review required
cmake	0.1.58	registry+https://github.com/rust-lang/crates.io-index	c0f78a02292a74a88ac736019ab962ece0bc380e3f977bf72e376c5d78ff0678	YES	UNKNOWN		COVERAGE-UNKNOWN	[]	 Legal fetch failed: LICENSE-APACHE; Legal fetch failed: LICENSE-MIT; Root text read but no complete recognized grant established; manual review required
cobs	0.3.0	registry+https://github.com/rust-lang/crates.io-index	0fa961b519f0b462e3a3b4a34b64d119eeaca1d59af726fe450bbba07a9fc0a1	YES	GRANT-TEXT-VERIFIED	Apache-2.0	APPROVED-WITH-OBLIGATIONS	[{"url":"https://docs.rs/crate/cobs/0.3.0/source/LICENSE-APACHE","sha256":"c6596eb7be8581c18be736c846fb9173b69eccf6ef94c5135893ec56bd92ba08","bytes":11358,"grant":"Apache-2.0"},{"url":"https://docs.rs/crate/cobs/0.3.0/source/LICENSE-MIT","sha256":"e0cfa1006a64520633de6bfbf563f5b1bea04ef0c5b73f049681931fa297dda3","bytes":1066,"grant":""}]	NONE-RECORDED
codspeed	4.7.0	registry+https://github.com/rust-lang/crates.io-index	57af92d1db7f6871b7e82c79cd87f2501db66f36b0eab924be6ea83dd6b2f3f3	YES	UNKNOWN		COVERAGE-UNKNOWN	[]	Exact docs.rs source listing unavailable: Response status code does not indicate success: 429 ().
colored	2.2.0	registry+https://github.com/rust-lang/crates.io-index	117725a109d387c937a1533ce01b450cbde6b88abceea8473c4d7a85853cda3c	YES	UNKNOWN		COVERAGE-UNKNOWN	[]	Exact docs.rs source listing unavailable: Response status code does not indicate success: 429 ().
colored	3.1.1	registry+https://github.com/rust-lang/crates.io-index	faf9468729b8cbcea668e36183cb69d317348c2e08e994829fb56ebfdfbaac34	YES	UNKNOWN		COVERAGE-UNKNOWN	[]	 Legal fetch failed: LICENSE; Root text read but no complete recognized grant established; manual review required
compact_str	0.10.0	registry+https://github.com/rust-lang/crates.io-index	79fcda08c33bb58b97008b2cdada6622500e949e060f5913361763121abd2416	YES	UNKNOWN		COVERAGE-UNKNOWN	[]	Exact docs.rs source listing unavailable: Response status code does not indicate success: 429 ().
concurrent_lru	0.2.0	registry+https://github.com/rust-lang/crates.io-index	7feb5cb312f774e8a24540e27206db4e890f7d488563671d24a16389cf4c2e4e	YES	UNKNOWN		COVERAGE-UNKNOWN	[]	Exact docs.rs source listing unavailable: Response status code does not indicate success: 429 ().
concurrent-queue	2.5.0	registry+https://github.com/rust-lang/crates.io-index	4ca0197aee26d1ae37445ee532fefce43251d24cc7c166799f4d46817f1d3973	YES	UNKNOWN		COVERAGE-UNKNOWN	[]	Exact docs.rs source listing unavailable: Response status code does not indicate success: 429 ().
console	0.16.4	registry+https://github.com/rust-lang/crates.io-index	4fe5f465a4f6fee88fad41b85d990f84c835335e85b5d9e6e63e0d06d28cba7c	YES	UNKNOWN		COVERAGE-UNKNOWN	[]	Exact docs.rs source listing unavailable: Response status code does not indicate success: 429 ().
constant_time_eq	0.4.2	registry+https://github.com/rust-lang/crates.io-index	3d52eff69cd5e647efe296129160853a42795992097e8af39800e1060caeea9b	YES	UNKNOWN		COVERAGE-UNKNOWN	[{"url":"https://docs.rs/crate/constant_time_eq/0.4.2/source/LICENSE-MIT0","sha256":"9a3aeb3f63659c4c6302d315e1d98784d1e8559858a47ff9562e091bb922d28d","bytes":858,"grant":""}]	 Legal fetch failed: LICENSE-APACHE; Legal fetch failed: LICENSE-CC0; Root text read but no complete recognized grant established; manual review required
convert_case	0.12.0	registry+https://github.com/rust-lang/crates.io-index	1af709f1f33454bf52eadfc8c78b3b9ef9cb26fb54d16dc9cd9a7299f899fd1b	YES	UNKNOWN		COVERAGE-UNKNOWN	[]	 Legal fetch failed: LICENSE; Root text read but no complete recognized grant established; manual review required
cow-utils	0.1.3	registry+https://github.com/rust-lang/crates.io-index	417bef24afe1460300965a25ff4a24b8b45ad011948302ec221e8a0a81eb2c79	YES	UNKNOWN		COVERAGE-UNKNOWN	[]	 Legal fetch failed: LICENSE; Root text read but no complete recognized grant established; manual review required
cpufeatures	0.3.0	registry+https://github.com/rust-lang/crates.io-index	8b2a41393f66f16b0823bb79094d54ac5fbd34ab292ddafb9a0456ac9f87d201	YES	UNKNOWN		COVERAGE-UNKNOWN	[]	Exact docs.rs source listing unavailable: Response status code does not indicate success: 429 ().
crc32fast	1.5.0	registry+https://github.com/rust-lang/crates.io-index	9481c1c90cbf2ac953f07c8d4a58aa3945c425b7185c9154d67a65e4230da511	YES	UNKNOWN		COVERAGE-UNKNOWN	[]	Exact docs.rs source listing unavailable: Response status code does not indicate success: 429 ().
criterion2	3.0.4	registry+https://github.com/rust-lang/crates.io-index	b961b72d7eaf7444d1eb98d353d5c2aa08e2443d77fef6bff0e6e97064162482	YES	UNKNOWN		COVERAGE-UNKNOWN	[]	Exact docs.rs source listing unavailable: Response status code does not indicate success: 429 ().
crossbeam-deque	0.8.7	registry+https://github.com/rust-lang/crates.io-index	5181e0de7b61eb03a81e347d6dd8797bae9da5146707b51077e2d71a54ec0ceb	YES	UNKNOWN		COVERAGE-UNKNOWN	[]	Exact docs.rs source listing unavailable: Response status code does not indicate success: 429 ().
crossbeam-epoch	0.9.20	registry+https://github.com/rust-lang/crates.io-index	2d6914041f254d6e9176c01941b21115dcfb7089e55135a35411081bd106ef3f	YES	UNKNOWN		COVERAGE-UNKNOWN	[]	 Legal fetch failed: LICENSE-APACHE; Legal fetch failed: LICENSE-MIT; Root text read but no complete recognized grant established; manual review required
crossbeam-utils	0.8.22	registry+https://github.com/rust-lang/crates.io-index	61803da095bee82a81bb1a452ecc25d3b2f1416d1897eb86430c6159ef717c17	YES	UNKNOWN		COVERAGE-UNKNOWN	[]	Exact docs.rs source listing unavailable: Response status code does not indicate success: 429 ().
crunchy	0.2.4	registry+https://github.com/rust-lang/crates.io-index	460fbee9c2c2f33933d720630a6a0bac33ba7053db5344fac858d4b8952d77d5	YES	UNKNOWN		COVERAGE-UNKNOWN	[{"url":"https://docs.rs/crate/crunchy/0.2.4/source/LICENSE","sha256":"3eab77734a181b2a2e8418af9004f960f715f04aac4d76a26cf774f63a7b13d1","bytes":1082,"grant":""}]	 Root text read but no complete recognized grant established; manual review required
ctor	1.0.9	registry+https://github.com/rust-lang/crates.io-index	a394189d59f9befacce833f337f7b1eca5e9a91221bcdd4d28e0114d96e597b3	YES	UNKNOWN		COVERAGE-UNKNOWN	[]	Exact docs.rs source listing unavailable: Response status code does not indicate success: 429 ().
dashmap	6.2.1	registry+https://github.com/rust-lang/crates.io-index	e6361d5c062261c78a176addb82d4c821ae42bed6089de0e12603cd25de2059c	YES	UNKNOWN		COVERAGE-UNKNOWN	[]	Exact docs.rs source listing unavailable: Response status code does not indicate success: 429 ().
data-encoding	2.11.0	registry+https://github.com/rust-lang/crates.io-index	a4ae5f15dda3c708c0ade84bfee31ccab44a3da4f88015ed22f63732abe300c8	YES	UNKNOWN		COVERAGE-UNKNOWN	[]	 Legal fetch failed: LICENSE; Root text read but no complete recognized grant established; manual review required
derive_more	2.1.1	registry+https://github.com/rust-lang/crates.io-index	d751e9e49156b02b44f9c1815bcb94b984cdcc4396ecc32521c739452808b134	YES	UNKNOWN		COVERAGE-UNKNOWN	[]	Exact docs.rs source listing unavailable: Response status code does not indicate success: 429 ().
derive_more-impl	2.1.1	registry+https://github.com/rust-lang/crates.io-index	799a97264921d8623a957f6c3b9011f3b5492f557bbb7a5a19b7fa6d06ba8dcb	YES	UNKNOWN		COVERAGE-UNKNOWN	[]	 Legal fetch failed: LICENSE; Root text read but no complete recognized grant established; manual review required
dragonbox_ecma	0.1.12	registry+https://github.com/rust-lang/crates.io-index	fd8e701084c37e7ef62d3f9e453b618130cbc0ef3573847785952a3ac3f746bf	YES	GRANT-TEXT-VERIFIED	Apache-2.0	APPROVED-WITH-OBLIGATIONS	[{"url":"https://docs.rs/crate/dragonbox_ecma/0.1.12/source/LICENSE-Apache2-LLVM","sha256":"624d724f544656ff2f965b3b41e3050133fa042d80292a05330c786a12808cb9","bytes":11068,"grant":"Apache-2.0"}]	 Legal fetch failed: LICENSE-Boost;
dunce	1.0.5	registry+https://github.com/rust-lang/crates.io-index	92773504d58c093f6de2459af4af33faa518c13451eb8f2b5698ed3d36e7c813	YES	UNKNOWN		COVERAGE-UNKNOWN	[]	Exact docs.rs source listing unavailable: Response status code does not indicate success: 429 ().
dyn-clone	1.0.20	registry+https://github.com/rust-lang/crates.io-index	d0881ea181b1df73ff77ffaaf9c7544ecc11e82fba9b5f27b262a3c73a332555	YES	UNKNOWN		COVERAGE-UNKNOWN	[]	 Legal fetch failed: LICENSE-APACHE; Legal fetch failed: LICENSE-MIT; Root text read but no complete recognized grant established; manual review required
either	1.16.0	registry+https://github.com/rust-lang/crates.io-index	91622ff5e7162018101f2fea40d6ebf4a78bbe5a49736a2020649edf9693679e	YES	GRANT-TEXT-VERIFIED	Apache-2.0	APPROVED-WITH-OBLIGATIONS	[{"url":"https://docs.rs/crate/either/1.16.0/source/LICENSE-APACHE","sha256":"a60eea817514531668d7e00765731449fe14d059d3249e0bc93b36de45f759f2","bytes":10847,"grant":"Apache-2.0"}]	 Legal fetch failed: LICENSE-MIT;
email_address	0.2.9	registry+https://github.com/rust-lang/crates.io-index	e079f19b08ca6239f47f8ba8509c11cf3ea30095831f7fed61441475edd8c449	YES	UNKNOWN		COVERAGE-UNKNOWN	[]	 Legal fetch failed: LICENSE; Root text read but no complete recognized grant established; manual review required
embedded-io	0.4.0	registry+https://github.com/rust-lang/crates.io-index	ef1a6892d9eef45c8fa6b9e0086428a2cca8491aca8f787c534a3d6d0bcb3ced	YES	UNKNOWN		COVERAGE-UNKNOWN	[]	Exact docs.rs source listing unavailable: Response status code does not indicate success: 429 ().
embedded-io	0.6.1	registry+https://github.com/rust-lang/crates.io-index	edd0f118536f44f5ccd48bcb8b111bdc3de888b58c74639dfb034a357d0f206d	YES	UNKNOWN		COVERAGE-UNKNOWN	[]	Exact docs.rs source listing unavailable: Response status code does not indicate success: 429 ().
encode_unicode	1.0.0	registry+https://github.com/rust-lang/crates.io-index	34aa73646ffb006b8f5147f3dc182bd4bcb190227ce861fc4a4844bf8e3cb2c0	YES	UNKNOWN		COVERAGE-UNKNOWN	[]	Exact docs.rs source listing unavailable: Response status code does not indicate success: 429 ().
endian-type	0.2.0	registry+https://github.com/rust-lang/crates.io-index	869b0adbda23651a9c5c0c3d270aac9fcb52e8622a8f2b17e57802d7791962f2	YES	UNKNOWN		COVERAGE-UNKNOWN	[]	Exact docs.rs source listing unavailable: Response status code does not indicate success: 429 ().
equivalent	1.0.2	registry+https://github.com/rust-lang/crates.io-index	877a4ace8713b0bcf2a4e7eec82529c029f1d0619886d18145fea96c3ffe5c0f	YES	UNKNOWN		COVERAGE-UNKNOWN	[]	Exact docs.rs source listing unavailable: Response status code does not indicate success: 429 ().
errno	0.3.14	registry+https://github.com/rust-lang/crates.io-index	39cab71617ae0d63f51a36d69f866391735b51691dbda63cf6f96d042b63efeb	YES	UNKNOWN		COVERAGE-UNKNOWN	[]	Exact docs.rs source listing unavailable: Response status code does not indicate success: 429 ().
escape-simd	0.1.0	registry+https://github.com/rust-lang/crates.io-index	120339709b24832c07464b0838828361b735d793c409b8ca3147db0dae601542	YES	UNKNOWN		COVERAGE-UNKNOWN	[]	No root legal file found in exact source listing
event-listener	5.4.1	registry+https://github.com/rust-lang/crates.io-index	e13b66accf52311f30a0db42147dadea9850cb48cd070028831ae5f5d4b856ab	YES	UNKNOWN		COVERAGE-UNKNOWN	[]	Exact docs.rs source listing unavailable: Response status code does not indicate success: 429 ().
event-listener-strategy	0.5.4	registry+https://github.com/rust-lang/crates.io-index	8be9f3dfaaffdae2972880079a491a1a8bb7cbed0b8dd7a347f668b4150a3b93	YES	UNKNOWN		COVERAGE-UNKNOWN	[]	Exact docs.rs source listing unavailable: Response status code does not indicate success: 429 ().
fancy-regex	0.19.0	registry+https://github.com/rust-lang/crates.io-index	476de73bddf2ef8490aa4ee8f1cf40b430bf1d56c48c22080e5186952cd580e6	YES	UNKNOWN		COVERAGE-UNKNOWN	[]	 Legal fetch failed: LICENSE; Root text read but no complete recognized grant established; manual review required
fast-glob	1.1.1	registry+https://github.com/rust-lang/crates.io-index	6d3f5d15b86ff37d2d23719f90657a53d5399abe0736dacb9e5fbe549314d349	YES	UNKNOWN		COVERAGE-UNKNOWN	[]	Exact docs.rs source listing unavailable: Response status code does not indicate success: 429 ().
fastrand	2.5.0	registry+https://github.com/rust-lang/crates.io-index	da7c62ceae207dd37ea5b845da6a0696c799f85e97da1ab5b7910be3c1c80223	YES	GRANT-TEXT-VERIFIED	Apache-2.0	APPROVED-WITH-OBLIGATIONS	[{"url":"https://docs.rs/crate/fastrand/2.5.0/source/LICENSE-APACHE","sha256":"a60eea817514531668d7e00765731449fe14d059d3249e0bc93b36de45f759f2","bytes":10847,"grant":"Apache-2.0"},{"url":"https://docs.rs/crate/fastrand/2.5.0/source/LICENSE-MIT","sha256":"23f18e03dc49df91622fe2a76176497404e46ced8a715d9d2b67a7446571cca3","bytes":1023,"grant":"MIT"}]	NONE-RECORDED
filetime	0.2.29	registry+https://github.com/rust-lang/crates.io-index	5c287a33c7f0a620c38e641e7f60827713987b3c0f26e8ddc9462cc69cf75759	YES	UNKNOWN		COVERAGE-UNKNOWN	[]	 Legal fetch failed: LICENSE-APACHE; Legal fetch failed: LICENSE-MIT; Root text read but no complete recognized grant established; manual review required
find-msvc-tools	0.1.9	registry+https://github.com/rust-lang/crates.io-index	5baebc0774151f905a1a2cc41989300b1e6fbb29aff0ceffa1064fdd3088d582	YES	GRANT-TEXT-VERIFIED	MIT	APPROVED-WITH-OBLIGATIONS	[{"url":"https://docs.rs/crate/find-msvc-tools/0.1.9/source/LICENSE-MIT","sha256":"378f5840b258e2779c39418f3f2d7b2ba96f1c7917dd6be0713f88305dbda397","bytes":1057,"grant":"MIT"}]	 Legal fetch failed: LICENSE-APACHE;
fixedbitset	0.5.7	registry+https://github.com/rust-lang/crates.io-index	1d674e81391d1e1ab681a28d99df07927c6d4aa5b027d7da16ba32d1d21ecd99	YES	UNKNOWN		COVERAGE-UNKNOWN	[]	Exact docs.rs source listing unavailable: Response status code does not indicate success: 429 ().
flate2	1.1.10	registry+https://github.com/rust-lang/crates.io-index	6e634e2e0ebac1ee034020da1ca582e17ffe4e0f5e985823721e168928136dcb	YES	GRANT-TEXT-VERIFIED	Apache-2.0	APPROVED-WITH-OBLIGATIONS	[{"url":"https://docs.rs/crate/flate2/1.1.10/source/LICENSE-APACHE","sha256":"a60eea817514531668d7e00765731449fe14d059d3249e0bc93b36de45f759f2","bytes":10847,"grant":"Apache-2.0"}]	 Legal fetch failed: LICENSE-MIT;
float-cmp	0.10.0	registry+https://github.com/rust-lang/crates.io-index	b09cf3155332e944990140d967ff5eceb70df778b34f77d8075db46e4704e6d8	YES	GRANT-TEXT-VERIFIED	MIT	APPROVED-WITH-OBLIGATIONS	[{"url":"https://docs.rs/crate/float-cmp/0.10.0/source/LICENSE","sha256":"40be1e77825d7e49485a2e43d89bed29dfff29f8f529e71d3c683656021f0d08","bytes":1075,"grant":"MIT"}]	NONE-RECORDED
fluent-uri	0.4.1	registry+https://github.com/rust-lang/crates.io-index	bc74ac4d8359ae70623506d512209619e5cf8f347124910440dbc221714b328e	YES	UNKNOWN		COVERAGE-UNKNOWN	[]	Exact docs.rs source listing unavailable: Response status code does not indicate success: 429 ().
foldhash	0.1.5	registry+https://github.com/rust-lang/crates.io-index	d9c4f5dac5e15c24eb999c26181a6ca40b39fe946cbe4c263c7209467bc83af2	YES	UNKNOWN		COVERAGE-UNKNOWN	[]	Exact docs.rs source listing unavailable: Response status code does not indicate success: 429 ().
foldhash	0.2.0	registry+https://github.com/rust-lang/crates.io-index	77ce24cb58228fbb8aa041425bb1050850ac19177686ea6e0f41a70416f56fdb	YES	UNKNOWN		COVERAGE-UNKNOWN	[]	Exact docs.rs source listing unavailable: Response status code does not indicate success: 429 ().
form_urlencoded	1.2.2	registry+https://github.com/rust-lang/crates.io-index	cb4cb245038516f5f85277875cdaa4f7d2c9a0fa0468de06ed190163b1581fcf	YES	UNKNOWN		COVERAGE-UNKNOWN	[]	 Legal fetch failed: LICENSE-APACHE; Legal fetch failed: LICENSE-MIT; Root text read but no complete recognized grant established; manual review required
fraction	0.17.0	registry+https://github.com/rust-lang/crates.io-index	e246562084dde8ebbcc943b261c406ce4f68e5032ec28029a251a47d6a295500	YES	GRANT-TEXT-VERIFIED	Apache-2.0	APPROVED-WITH-OBLIGATIONS	[{"url":"https://docs.rs/crate/fraction/0.17.0/source/LICENSE-APACHE","sha256":"a60eea817514531668d7e00765731449fe14d059d3249e0bc93b36de45f759f2","bytes":10847,"grant":"Apache-2.0"}]	 Legal fetch failed: LICENSE-MIT;
futures	0.3.34	registry+https://github.com/rust-lang/crates.io-index	9a31d2a3fbaaeb2af2368bbdd904aa8e812d3c04a1ee10d3171f52d556e5d0a3	YES	UNKNOWN		COVERAGE-UNKNOWN	[]	 Legal fetch failed: LICENSE-APACHE; Legal fetch failed: LICENSE-MIT; Root text read but no complete recognized grant established; manual review required
futures-channel	0.3.34	registry+https://github.com/rust-lang/crates.io-index	b1f9e3d69d39e4862ffed03ed071a76f9a13ba1d9109d355b0f0aa6b15e393c4	YES	UNKNOWN		COVERAGE-UNKNOWN	[]	 Legal fetch failed: LICENSE-APACHE; Legal fetch failed: LICENSE-MIT; Root text read but no complete recognized grant established; manual review required
futures-core	0.3.34	registry+https://github.com/rust-lang/crates.io-index	92d699e522242e69e3003b94ecc1f960f3a5e015aa7c5d7486e65ad01dd94f5e	YES	GRANT-TEXT-VERIFIED	Apache-2.0	APPROVED-WITH-OBLIGATIONS	[{"url":"https://docs.rs/crate/futures-core/0.3.34/source/LICENSE-APACHE","sha256":"275c491d6d1160553c32fd6127061d7f9606c3ea25abfad6ca3f6ed088785427","bytes":10874,"grant":"Apache-2.0"}]	 Legal fetch failed: LICENSE-MIT;
futures-executor	0.3.34	registry+https://github.com/rust-lang/crates.io-index	031b47cf1a3c6cc8bc2fc76cd437f521619387907d469316e7c0bc278f1f5432	YES	UNKNOWN		COVERAGE-UNKNOWN	[]	Exact docs.rs source listing unavailable: Response status code does not indicate success: 429 ().
futures-io	0.3.34	registry+https://github.com/rust-lang/crates.io-index	53c0fa8157de1303bfffdaa1cc2a673bfffb60102f76b0ef4441659124373fed	YES	UNKNOWN		COVERAGE-UNKNOWN	[]	Exact docs.rs source listing unavailable: Response status code does not indicate success: 429 ().
futures-macro	0.3.34	registry+https://github.com/rust-lang/crates.io-index	9fb9654ba8355388abeb8dcb4fc62f511300867002afc858860463bdd9fe0c44	YES	UNKNOWN		COVERAGE-UNKNOWN	[]	Exact docs.rs source listing unavailable: Response status code does not indicate success: 429 ().
futures-sink	0.3.34	registry+https://github.com/rust-lang/crates.io-index	1944426bf7d03f1d14f708785e4b33efd750b36d48a157b836b3efc15ede8e1d	YES	UNKNOWN		COVERAGE-UNKNOWN	[]	 Legal fetch failed: LICENSE-APACHE; Legal fetch failed: LICENSE-MIT; Root text read but no complete recognized grant established; manual review required
futures-task	0.3.34	registry+https://github.com/rust-lang/crates.io-index	cd417de3d1d015fc3bfd2b1ea46dfc7bab72ef86f1cc7cc9c78e728b34a6d1fd	YES	UNKNOWN		COVERAGE-UNKNOWN	[]	 Legal fetch failed: LICENSE-APACHE; Legal fetch failed: LICENSE-MIT; Root text read but no complete recognized grant established; manual review required
futures-util	0.3.34	registry+https://github.com/rust-lang/crates.io-index	0d50a92467f8ba5dd6e3ee5d4bd04d73ab2e4e1c44474a0674821dfce14b79bc	YES	UNKNOWN		COVERAGE-UNKNOWN	[]	Exact docs.rs source listing unavailable: Response status code does not indicate success: 429 ().
generator	0.1.0	LOCAL-WORKSPACE		NO	WORKSPACE-SOURCE		PARENT-SOURCE-GRANT-SEPARATE	[]	Local package; exact repository grant is examined separately
getrandom	0.2.17	registry+https://github.com/rust-lang/crates.io-index	ff2abc00be7fca6ebc474524697ae276ad847ad0a6b3faa4bcb027e9a4614ad0	YES	GRANT-TEXT-VERIFIED	Apache-2.0	APPROVED-WITH-OBLIGATIONS	[{"url":"https://docs.rs/crate/getrandom/0.2.17/source/LICENSE-APACHE","sha256":"aaff376532ea30a0cd5330b9502ad4a4c8bf769c539c87ffe78819d188a18ebf","bytes":10849,"grant":"Apache-2.0"},{"url":"https://docs.rs/crate/getrandom/0.2.17/source/LICENSE-MIT","sha256":"42fa16951ce7f24b5a467a40e5b449a1d41e662f97ca779864f053f39e097737","bytes":1130,"grant":"MIT"}]	NONE-RECORDED
getrandom	0.3.4	registry+https://github.com/rust-lang/crates.io-index	899def5c37c4fd7b2664648c28120ecec138e4d395b459e5ca34f9cce2dd77fd	YES	GRANT-TEXT-VERIFIED	Apache-2.0	APPROVED-WITH-OBLIGATIONS	[{"url":"https://docs.rs/crate/getrandom/0.3.4/source/LICENSE-APACHE","sha256":"aaff376532ea30a0cd5330b9502ad4a4c8bf769c539c87ffe78819d188a18ebf","bytes":10849,"grant":"Apache-2.0"}]	 Legal fetch failed: LICENSE-MIT;
getrandom	0.4.3	registry+https://github.com/rust-lang/crates.io-index	300e883d756b2e4ec94e02791f39b04b522276138852cfc41d9fb7e904106099	YES	UNKNOWN		COVERAGE-UNKNOWN	[]	 Legal fetch failed: LICENSE-APACHE; Legal fetch failed: LICENSE-MIT; Root text read but no complete recognized grant established; manual review required
glob	0.3.4	registry+https://github.com/rust-lang/crates.io-index	e4eba85ea1d0a966a983acd07deee566e67395d2d96b6fb39e62b5a833f1eb0b	YES	GRANT-TEXT-VERIFIED	Apache-2.0	APPROVED-WITH-OBLIGATIONS	[{"url":"https://docs.rs/crate/glob/0.3.4/source/LICENSE-APACHE","sha256":"a60eea817514531668d7e00765731449fe14d059d3249e0bc93b36de45f759f2","bytes":10847,"grant":"Apache-2.0"}]	 Legal fetch failed: LICENSE-MIT;
globset	0.4.20	registry+https://github.com/rust-lang/crates.io-index	07c34a9410465b45bd9787443bc7370f37735bad04b0f0cd57ff1a3186c98988	NO	GRANT-TEXT-VERIFIED	Unlicense	APPROVED-WITH-OBLIGATIONS	[{"url":"https://docs.rs/crate/globset/0.4.20/source/LICENSE-MIT","sha256":"0f96a83840e146e43c0ec96a22ec1f392e0680e6c1226e6f3ba87e0740af850f","bytes":1081,"grant":""},{"url":"https://docs.rs/crate/globset/0.4.20/source/UNLICENSE","sha256":"7e12e5df4bae12cb21581ba157ced20e1986a0508dd10d0e8a4ab9a4cf94e85c","bytes":1211,"grant":"Unlicense"}]	 Legal fetch failed: COPYING;
half	2.7.1	registry+https://github.com/rust-lang/crates.io-index	6ea2d84b969582b4b1864a92dc5d27cd2b77b622a8d79306834f1be5ba20d84b	YES	UNKNOWN		COVERAGE-UNKNOWN	[]	Exact docs.rs source listing unavailable: Response status code does not indicate success: 429 ().
halfbrown	0.4.0	registry+https://github.com/rust-lang/crates.io-index	0c7ed2f2edad8a14c8186b847909a41fbb9c3eafa44f88bd891114ed5019da09	YES	UNKNOWN		COVERAGE-UNKNOWN	[]	Exact docs.rs source listing unavailable: Response status code does not indicate success: 429 ().
hashbrown	0.14.5	registry+https://github.com/rust-lang/crates.io-index	e5274423e17b7c9fc20b6e7e208532f9b19825d82dfd615708b70edd83df41f1	YES	UNKNOWN		COVERAGE-UNKNOWN	[]	Exact docs.rs source listing unavailable: Response status code does not indicate success: 429 ().
hashbrown	0.15.5	registry+https://github.com/rust-lang/crates.io-index	9229cfe53dfd69f0609a49f65461bd93001ea1ef889cd5529dd176593f5338a1	YES	GRANT-TEXT-VERIFIED	Apache-2.0	APPROVED-WITH-OBLIGATIONS	[{"url":"https://docs.rs/crate/hashbrown/0.15.5/source/LICENSE-APACHE","sha256":"a60eea817514531668d7e00765731449fe14d059d3249e0bc93b36de45f759f2","bytes":10847,"grant":"Apache-2.0"}]	 Legal fetch failed: LICENSE-MIT;
hashbrown	0.16.1	registry+https://github.com/rust-lang/crates.io-index	841d1cc9bed7f9236f321df977030373f4a4163ae1a7dbfe1a51a2c1a51d9100	YES	GRANT-TEXT-VERIFIED	MIT	APPROVED-WITH-OBLIGATIONS	[{"url":"https://docs.rs/crate/hashbrown/0.16.1/source/LICENSE-MIT","sha256":"ff8f68cb076caf8cefe7a6430d4ac086ce6af2ca8ce2c4e5a2004d4552ef52a2","bytes":1060,"grant":"MIT"}]	 Legal fetch failed: LICENSE-APACHE;
hashbrown	0.17.1	registry+https://github.com/rust-lang/crates.io-index	ed5909b6e89a2db4456e54cd5f673791d7eca6732202bbf2a9cc504fe2f9b84a	YES	UNKNOWN		COVERAGE-UNKNOWN	[]	 Legal fetch failed: LICENSE-APACHE; Legal fetch failed: LICENSE-MIT; Root text read but no complete recognized grant established; manual review required
heck	0.5.0	registry+https://github.com/rust-lang/crates.io-index	2304e00983f87ffb38b55b444b5e3b60a884b5d30c0fca7d82fe33449bbe55ea	YES	UNKNOWN		COVERAGE-UNKNOWN	[]	Exact docs.rs source listing unavailable: Response status code does not indicate success: 429 ().
hermit-abi	0.5.2	registry+https://github.com/rust-lang/crates.io-index	fc0fef456e4baa96da950455cd02c081ca953b141298e41db3fc7e36b1da849c	YES	UNKNOWN		COVERAGE-UNKNOWN	[]	Exact docs.rs source listing unavailable: Response status code does not indicate success: 429 ().
hmac-sha1-compact	1.1.7	registry+https://github.com/rust-lang/crates.io-index	b0b3ba31f6dc772cc8221ce81dbbbd64fa1e668255a6737d95eeace59b5a8823	YES	UNKNOWN		COVERAGE-UNKNOWN	[]	Exact docs.rs source listing unavailable: Response status code does not indicate success: 429 ().
idna	1.1.0	registry+https://github.com/rust-lang/crates.io-index	3b0875f23caa03898994f6ddc501886a45c7d3d62d04d2d90788d47be1b1e4de	YES	GRANT-TEXT-VERIFIED	MIT	APPROVED-WITH-OBLIGATIONS	[{"url":"https://docs.rs/crate/idna/1.1.0/source/LICENSE-MIT","sha256":"b38f11f6096706e6de553dabe2a7ed142d59b6fa8c97e290c67496154745cdd5","bytes":1072,"grant":"MIT"}]	 Legal fetch failed: LICENSE-APACHE;
idna_adapter	1.0.0	registry+https://github.com/rust-lang/crates.io-index	cfdf4f5d937a025381f5ab13624b1c5f51414bfe5c9885663226eae8d6d39560	YES	UNKNOWN		COVERAGE-UNKNOWN	[]	Exact docs.rs source listing unavailable: Response status code does not indicate success: 429 ().
ignore	0.4.33	registry+https://github.com/rust-lang/crates.io-index	00b69833ed729dc5aa7d19541d96d6cf8e9137194207a04916d658e43168402f	NO	UNKNOWN		COVERAGE-UNKNOWN	[{"url":"https://docs.rs/crate/ignore/0.4.33/source/COPYING","sha256":"01c266bced4a434da0051174d6bee16a4c82cf634e2679b6155d40d75012390f","bytes":126,"grant":""}]	 Legal fetch failed: LICENSE-MIT; Legal fetch failed: UNLICENSE; Root text read but no complete recognized grant established; manual review required
indexmap	2.14.2	registry+https://github.com/rust-lang/crates.io-index	cc4e190f5d26ca7051642629da2c52fc03bde85a03197c99408dcd291734c855	YES	GRANT-TEXT-VERIFIED	Apache-2.0	APPROVED-WITH-OBLIGATIONS	[{"url":"https://docs.rs/crate/indexmap/2.14.2/source/LICENSE-APACHE","sha256":"a60eea817514531668d7e00765731449fe14d059d3249e0bc93b36de45f759f2","bytes":10847,"grant":"Apache-2.0"}]	 Legal fetch failed: LICENSE-MIT;
infer	0.22.0	registry+https://github.com/rust-lang/crates.io-index	f4200d433cbd5178df7797c9c2e75b348b728e39631cf14520d1e2fc424201f4	YES	UNKNOWN		COVERAGE-UNKNOWN	[]	Exact docs.rs source listing unavailable: Response status code does not indicate success: 429 ().
inotify	0.11.4	registry+https://github.com/rust-lang/crates.io-index	153be1941a183ec9ccd095ddbe17a8b8d435ef6c76e9e02451b933c3999af2c8	YES	UNKNOWN		COVERAGE-UNKNOWN	[]	 Legal fetch failed: LICENSE; Root text read but no complete recognized grant established; manual review required
inotify-sys	0.1.8	registry+https://github.com/rust-lang/crates.io-index	c033f80b2c113cdf91ab7a33faa9cbc014726dcad99880c8609af2a370edf37d	YES	UNKNOWN		COVERAGE-UNKNOWN	[]	 Legal fetch failed: LICENSE; Root text read but no complete recognized grant established; manual review required
insta	1.48.0	registry+https://github.com/rust-lang/crates.io-index	86f0f8fee8c926415c58d6ae43a08523a26faccb2323f5e6b644fe7dd4ef6b82	YES	GRANT-TEXT-VERIFIED	Apache-2.0	APPROVED-WITH-OBLIGATIONS	[{"url":"https://docs.rs/crate/insta/1.48.0/source/LICENSE","sha256":"a60eea817514531668d7e00765731449fe14d059d3249e0bc93b36de45f759f2","bytes":10847,"grant":"Apache-2.0"}]	NONE-RECORDED
is_ci	1.2.0	registry+https://github.com/rust-lang/crates.io-index	7655c9839580ee829dfacba1d1278c2b7883e50a277ff7541299489d6bdfdc45	YES	UNKNOWN		COVERAGE-UNKNOWN	[]	 Legal fetch failed: LICENSE; Root text read but no complete recognized grant established; manual review required
itertools	0.15.0	registry+https://github.com/rust-lang/crates.io-index	8b4baf93f58d4425749ca49a51c50ebab072c5df6994d08fed93541c331481dc	YES	GRANT-TEXT-VERIFIED	Apache-2.0	APPROVED-WITH-OBLIGATIONS	[{"url":"https://docs.rs/crate/itertools/0.15.0/source/LICENSE-APACHE","sha256":"a60eea817514531668d7e00765731449fe14d059d3249e0bc93b36de45f759f2","bytes":10847,"grant":"Apache-2.0"}]	 Legal fetch failed: LICENSE-MIT;
itoa	1.0.18	registry+https://github.com/rust-lang/crates.io-index	8f42a60cbdf9a97f5d2305f08a87dc4e09308d1276d28c869c684d7777685682	YES	UNKNOWN		COVERAGE-UNKNOWN	[]	 Legal fetch failed: LICENSE-APACHE; Legal fetch failed: LICENSE-MIT; Root text read but no complete recognized grant established; manual review required
js-sys	0.3.103	registry+https://github.com/rust-lang/crates.io-index	53b44bfcdb3f8d5837a46dae1ca9660a837176eee74a28b229bc626816589102	YES	UNKNOWN		COVERAGE-UNKNOWN	[]	Exact docs.rs source listing unavailable: Response status code does not indicate success: 429 ().
json-escape-simd	3.1.2	registry+https://github.com/rust-lang/crates.io-index	6520172708e1b08b95f31bbf76cec064db4203a615cf2fb4e1128d6dd142b033	YES	UNKNOWN		COVERAGE-UNKNOWN	[]	No root legal file found in exact source listing
json-strip-comments	3.1.2	registry+https://github.com/rust-lang/crates.io-index	01ed659c5f428031b9c1fb7de6729af2eb491654d4bcd416a5b5b704986b9658	YES	UNKNOWN		COVERAGE-UNKNOWN	[]	Exact docs.rs source listing unavailable: Response status code does not indicate success: 429 ().
jsonschema	0.56.0	registry+https://github.com/rust-lang/crates.io-index	b6a806f80c1f5560431009ce5ec29b59d38f950e0cd7db5f1b8925e6d8104e21	YES	UNKNOWN		COVERAGE-UNKNOWN	[]	 Legal fetch failed: LICENSE; Root text read but no complete recognized grant established; manual review required
jsonschema-regex	0.56.0	registry+https://github.com/rust-lang/crates.io-index	cb862addfa7782108933abcf842fe25334523a9df5b89ea4d9620e3dd7b42181	YES	UNKNOWN		COVERAGE-UNKNOWN	[]	Exact docs.rs source listing unavailable: Response status code does not indicate success: 429 ().
jsonschema-value	0.56.0	registry+https://github.com/rust-lang/crates.io-index	a05cd404c5ff6e2731dbbf7e290a27417750acfb59e329560a1d0af384c93fb0	YES	UNKNOWN		COVERAGE-UNKNOWN	[]	Exact docs.rs source listing unavailable: Response status code does not indicate success: 429 ().
kqueue	1.2.0	registry+https://github.com/rust-lang/crates.io-index	273c0752728918e0ac4976f2b275b6fefb9ecd400585dec929419f3844cd87b5	YES	UNKNOWN		COVERAGE-UNKNOWN	[]	Exact docs.rs source listing unavailable: Response status code does not indicate success: 429 ().
kqueue-sys	1.1.2	registry+https://github.com/rust-lang/crates.io-index	07293a4e297ac234359b510362495713f75ea345d5307140414f20c69ffeb087	YES	UNKNOWN		COVERAGE-UNKNOWN	[]	Exact docs.rs source listing unavailable: Response status code does not indicate success: 429 ().
lazy_static	1.5.0	registry+https://github.com/rust-lang/crates.io-index	bbd2bcb4c963f2ddae06a2efc7e9f3591312473c50c6685e1f298068316e66fe	YES	GRANT-TEXT-VERIFIED	Apache-2.0	APPROVED-WITH-OBLIGATIONS	[{"url":"https://docs.rs/crate/lazy_static/1.5.0/source/LICENSE-APACHE","sha256":"a60eea817514531668d7e00765731449fe14d059d3249e0bc93b36de45f759f2","bytes":10847,"grant":"Apache-2.0"}]	 Legal fetch failed: LICENSE-MIT;
lazy-regex	3.6.1	registry+https://github.com/rust-lang/crates.io-index	4994ba703f78b083e2f7946dac9251abd83fd43a0365f030e99b69be5b4b9ef9	YES	UNKNOWN		COVERAGE-UNKNOWN	[]	Exact docs.rs source listing unavailable: Response status code does not indicate success: 429 ().
lazy-regex-proc_macros	3.6.1	registry+https://github.com/rust-lang/crates.io-index	fd97232314824e6dbef1918a871bb93f51070455e3715bf26e19a6d01aa977a0	YES	UNKNOWN		COVERAGE-UNKNOWN	[]	No root legal file found in exact source listing
libc	0.2.186	registry+https://github.com/rust-lang/crates.io-index	68ab91017fe16c622486840e4c83c9a37afeff978bd239b5293d61ece587de66	YES	UNKNOWN		COVERAGE-UNKNOWN	[]	Exact docs.rs source listing unavailable: Response status code does not indicate success: 429 ().
libloading	0.9.0	registry+https://github.com/rust-lang/crates.io-index	754ca22de805bb5744484a5b151a9e1a8e837d5dc232c2d7d8c2e3492edc8b60	YES	UNKNOWN		COVERAGE-UNKNOWN	[]	Exact docs.rs source listing unavailable: Response status code does not indicate success: 429 ().
libmimalloc-sys2	0.1.63	registry+https://github.com/rust-lang/crates.io-index	2812ea58f6620a137d0e7c7b9ba63f515248c5575bd669f739a9ea4b56ba8259	YES	UNKNOWN		COVERAGE-UNKNOWN	[]	 Legal fetch failed: LICENSE.txt; Root text read but no complete recognized grant established; manual review required
linux-raw-sys	0.12.1	registry+https://github.com/rust-lang/crates.io-index	32a66949e030da00e8c7d4434b251670a91556f4144941d37452769c25d58a53	YES	UNKNOWN		COVERAGE-UNKNOWN	[]	Exact docs.rs source listing unavailable: Response status code does not indicate success: 429 ().
lock_api	0.4.14	registry+https://github.com/rust-lang/crates.io-index	224399e74b87b5f3557511d98dff8b14089b3dadafcab6bb93eab67d3aace965	YES	UNKNOWN		COVERAGE-UNKNOWN	[]	Exact docs.rs source listing unavailable: Response status code does not indicate success: 429 ().
log	0.4.33	registry+https://github.com/rust-lang/crates.io-index	0ceec5bc11778974d1bcb055b18002eba7f4b3518b6a0081b3af5f21666da9ad	YES	UNKNOWN		COVERAGE-UNKNOWN	[]	 Legal fetch failed: LICENSE-APACHE; Legal fetch failed: LICENSE-MIT; Root text read but no complete recognized grant established; manual review required
ls-lint	0.0.0	LOCAL-WORKSPACE		NO	WORKSPACE-SOURCE		PARENT-SOURCE-GRANT-SEPARATE	[]	Local package; exact repository grant is examined separately
memchr	2.8.3	registry+https://github.com/rust-lang/crates.io-index	cf8baf1c55e62ffcace7a9f06f4bd9cd3f0c4beb022d3b367256b91b87513d98	YES	UNKNOWN		COVERAGE-UNKNOWN	[{"url":"https://docs.rs/crate/memchr/2.8.3/source/COPYING","sha256":"01c266bced4a434da0051174d6bee16a4c82cf634e2679b6155d40d75012390f","bytes":126,"grant":""}]	 Legal fetch failed: LICENSE-MIT; Legal fetch failed: UNLICENSE; Root text read but no complete recognized grant established; manual review required
micromap	0.3.0	registry+https://github.com/rust-lang/crates.io-index	c2a86d3146ed3995b5913c414f6664344b9617457320782e64f0bb44afd49d74	YES	UNKNOWN		COVERAGE-UNKNOWN	[]	Exact docs.rs source listing unavailable: Response status code does not indicate success: 429 ().
mimalloc-safe	0.1.67	registry+https://github.com/rust-lang/crates.io-index	7f9fd5a18b7a9c72d89d0e906a9d5b93c330c159e9d5072c858e4631f0bd0ada	YES	UNKNOWN		COVERAGE-UNKNOWN	[]	Exact docs.rs source listing unavailable: Response status code does not indicate success: 429 ().
mime	0.3.17	registry+https://github.com/rust-lang/crates.io-index	6877bb514081ee2a7ff5ef9de3281f14a4dd4bceac4c09388074a6b5df8a139a	YES	UNKNOWN		COVERAGE-UNKNOWN	[{"url":"https://docs.rs/crate/mime/0.3.17/source/LICENSE-MIT","sha256":"df9cfd06d8a44d9a671eadd39ffd97f166481da015a30f45dfd27886209c5922","bytes":1058,"grant":""}]	 Legal fetch failed: LICENSE-APACHE; Root text read but no complete recognized grant established; manual review required
miniz_oxide	0.9.1	registry+https://github.com/rust-lang/crates.io-index	b63fbc4a50860e98e7b2aa7804ded1db5cbc3aff9193adaff57a6931bf7c4b4c	YES	UNKNOWN		COVERAGE-UNKNOWN	[]	Exact docs.rs source listing unavailable: Response status code does not indicate success: 429 ().
mio	1.2.2	registry+https://github.com/rust-lang/crates.io-index	30d65c71f1ce40ab09135ce117d742b9f8a19ff91a41a8b57ed50bc2de59c427	YES	UNKNOWN		COVERAGE-UNKNOWN	[]	Exact docs.rs source listing unavailable: Response status code does not indicate success: 429 ().
napi	3.13.0	registry+https://github.com/rust-lang/crates.io-index	3b12638855cec016784a7e17cc4ecbdee7ca8b0a3456aa50640d0ee5ed1a42f8	YES	UNKNOWN		COVERAGE-UNKNOWN	[]	Exact docs.rs source listing unavailable: Response status code does not indicate success: 429 ().
napi-build	2.5.0	registry+https://github.com/rust-lang/crates.io-index	0941983559cd62bfa7f04646a16428967a847365adeef27711e4e3927046bbed	YES	UNKNOWN		COVERAGE-UNKNOWN	[]	Exact docs.rs source listing unavailable: Response status code does not indicate success: 429 ().
napi-derive	3.6.9	registry+https://github.com/rust-lang/crates.io-index	6b1d232c24dc6754979b27efdf2047a5849efc7c92c1245de87e6bedbb9f5c3c	YES	UNKNOWN		COVERAGE-UNKNOWN	[]	No root legal file found in exact source listing
napi-derive-backend	6.1.4	registry+https://github.com/rust-lang/crates.io-index	fd6856fe1686867da90ed0dc292d7c0c87a695eb7c578b913360f33619ee01e3	YES	UNKNOWN		COVERAGE-UNKNOWN	[]	Exact docs.rs source listing unavailable: Response status code does not indicate success: 429 ().
napi-sys	3.3.2	registry+https://github.com/rust-lang/crates.io-index	6801fc65ba4d7035636e93635e281113f00410401a237dcd4f55b1565ead2115	YES	UNKNOWN		COVERAGE-UNKNOWN	[]	Exact docs.rs source listing unavailable: Response status code does not indicate success: 429 ().
nibble_vec	0.1.0	registry+https://github.com/rust-lang/crates.io-index	77a5d83df9f36fe23f0c3648c6bbb8b0298bb5f1939c8f2704431371f4b84d43	YES	UNKNOWN		COVERAGE-UNKNOWN	[]	Exact docs.rs source listing unavailable: Response status code does not indicate success: 429 ().
nix	0.31.3	registry+https://github.com/rust-lang/crates.io-index	cf20d2fde8ff38632c426f1165ed7436270b44f199fc55284c38276f9db47c3d	YES	UNKNOWN		COVERAGE-UNKNOWN	[]	Exact docs.rs source listing unavailable: Response status code does not indicate success: 429 ().
nodejs-built-in-modules	1.0.0	registry+https://github.com/rust-lang/crates.io-index	a5eb86a92577833b75522336f210c49d9ebd7dd55a44d80a92e68c668a75f27c	YES	UNKNOWN		COVERAGE-UNKNOWN	[]	Exact docs.rs source listing unavailable: Response status code does not indicate success: 429 ().
nohash-hasher	0.2.0	registry+https://github.com/rust-lang/crates.io-index	2bf50223579dc7cdcfb3bfcacf7069ff68243f8c363f62ffa99cf000a6b9c451	YES	UNKNOWN		COVERAGE-UNKNOWN	[]	Exact docs.rs source listing unavailable: Response status code does not indicate success: 429 ().
nom	8.0.0	registry+https://github.com/rust-lang/crates.io-index	df9761775871bdef83bee530e60050f7e54b1105350d6884eb0fb4f46c2f9405	YES	UNKNOWN		COVERAGE-UNKNOWN	[]	Exact docs.rs source listing unavailable: Response status code does not indicate success: 429 ().
nonmax	0.5.5	registry+https://github.com/rust-lang/crates.io-index	610a5acd306ec67f907abe5567859a3c693fb9886eb1f012ab8f2a47bef3db51	YES	UNKNOWN		COVERAGE-UNKNOWN	[]	Exact docs.rs source listing unavailable: Response status code does not indicate success: 429 ().
nu-ansi-term	0.50.3	registry+https://github.com/rust-lang/crates.io-index	7957b9740744892f114936ab4a57b3f487491bbeafaf8083688b16841a4240e5	YES	UNKNOWN		COVERAGE-UNKNOWN	[{"url":"https://docs.rs/crate/nu-ansi-term/0.50.3/source/LICENSE","sha256":"284465860407420254e39be4e1bdcaaf2e7f2d18e06f9bab75bc75341a5d8501","bytes":1157,"grant":""}]	 Root text read but no complete recognized grant established; manual review required
num	0.4.3	registry+https://github.com/rust-lang/crates.io-index	35bd024e8b2ff75562e5f34e7f4905839deb4b22955ef5e73d2fea1b9813cb23	YES	GRANT-TEXT-VERIFIED	MIT	APPROVED-WITH-OBLIGATIONS	[{"url":"https://docs.rs/crate/num/0.4.3/source/LICENSE-MIT","sha256":"6485b8ed310d3f0340bf1ad1f47645069ce4069dcc6bb46c7d5c6faf41de1fdb","bytes":1071,"grant":"MIT"}]	 Legal fetch failed: LICENSE-APACHE;
num_cpus	1.17.0	registry+https://github.com/rust-lang/crates.io-index	91df4bbde75afed763b708b7eee1e8e7651e02d97f6d5dd763e89367e957b23b	YES	UNKNOWN		COVERAGE-UNKNOWN	[{"url":"https://docs.rs/crate/num_cpus/1.17.0/source/LICENSE-MIT","sha256":"391a5396cec6230bfabd4ef4eb2350eb895bc5efce377a2218f5702ed020d3e3","bytes":1063,"grant":""}]	 Legal fetch failed: LICENSE-APACHE; Root text read but no complete recognized grant established; manual review required
num-bigint	0.4.8	registry+https://github.com/rust-lang/crates.io-index	c89e69e7e0f03bea5ef08013795c25018e101932225a656383bd384495ecc367	YES	UNKNOWN		COVERAGE-UNKNOWN	[]	Exact docs.rs source listing unavailable: Response status code does not indicate success: 429 ().
num-bigint	0.5.1	registry+https://github.com/rust-lang/crates.io-index	93e7820bc0a80a0238e650327316f929ba18d5be054b647490a3a6a339f3e7c0	YES	GRANT-TEXT-VERIFIED	Apache-2.0	APPROVED-WITH-OBLIGATIONS	[{"url":"https://docs.rs/crate/num-bigint/0.5.1/source/LICENSE-APACHE","sha256":"a60eea817514531668d7e00765731449fe14d059d3249e0bc93b36de45f759f2","bytes":10847,"grant":"Apache-2.0"},{"url":"https://docs.rs/crate/num-bigint/0.5.1/source/LICENSE-MIT","sha256":"6485b8ed310d3f0340bf1ad1f47645069ce4069dcc6bb46c7d5c6faf41de1fdb","bytes":1071,"grant":"MIT"}]	NONE-RECORDED
num-cmp	0.1.0	registry+https://github.com/rust-lang/crates.io-index	63335b2e2c34fae2fb0aa2cecfd9f0832a1e24b3b32ecec612c3426d46dc8aaa	YES	GRANT-TEXT-VERIFIED	Apache-2.0	APPROVED-WITH-OBLIGATIONS	[{"url":"https://docs.rs/crate/num-cmp/0.1.0/source/LICENSE.txt","sha256":"3bb1e548250b3acc43febde65a5cdba9f2e0a3288018aa41f009a3c59ffab51a","bytes":20512,"grant":"Apache-2.0"}]	NONE-RECORDED
num-complex	0.4.6	registry+https://github.com/rust-lang/crates.io-index	73f88a1307638156682bada9d7604135552957b7818057dcef22705b4d509495	YES	GRANT-TEXT-VERIFIED	MIT	APPROVED-WITH-OBLIGATIONS	[{"url":"https://docs.rs/crate/num-complex/0.4.6/source/LICENSE-MIT","sha256":"6485b8ed310d3f0340bf1ad1f47645069ce4069dcc6bb46c7d5c6faf41de1fdb","bytes":1071,"grant":"MIT"}]	 Legal fetch failed: LICENSE-APACHE;
num-integer	0.1.46	registry+https://github.com/rust-lang/crates.io-index	7969661fd2958a5cb096e56c8e1ad0444ac2bbcd0061bd28660485a44879858f	YES	UNKNOWN		COVERAGE-UNKNOWN	[]	Exact docs.rs source listing unavailable: Response status code does not indicate success: 429 ().
num-iter	0.1.46	registry+https://github.com/rust-lang/crates.io-index	c92800bd69a1eac91786bcfe9da64a897eb72911b8dc3095decbd07429e8048b	YES	UNKNOWN		COVERAGE-UNKNOWN	[]	 Legal fetch failed: LICENSE-APACHE; Legal fetch failed: LICENSE-MIT; Root text read but no complete recognized grant established; manual review required
num-rational	0.4.2	registry+https://github.com/rust-lang/crates.io-index	f83d14da390562dca69fc84082e73e548e1ad308d24accdedd2720017cb37824	YES	GRANT-TEXT-VERIFIED	Apache-2.0	APPROVED-WITH-OBLIGATIONS	[{"url":"https://docs.rs/crate/num-rational/0.4.2/source/LICENSE-APACHE","sha256":"a60eea817514531668d7e00765731449fe14d059d3249e0bc93b36de45f759f2","bytes":10847,"grant":"Apache-2.0"}]	 Legal fetch failed: LICENSE-MIT;
num-traits	0.2.19	registry+https://github.com/rust-lang/crates.io-index	071dfc062690e90b734c0b2273ce72ad0ffa95f0c74596bc250dcfd960262841	YES	GRANT-TEXT-VERIFIED	MIT	APPROVED-WITH-OBLIGATIONS	[{"url":"https://docs.rs/crate/num-traits/0.2.19/source/LICENSE-MIT","sha256":"6485b8ed310d3f0340bf1ad1f47645069ce4069dcc6bb46c7d5c6faf41de1fdb","bytes":1071,"grant":"MIT"}]	 Legal fetch failed: LICENSE-APACHE;
objc2-core-foundation	0.3.2	registry+https://github.com/rust-lang/crates.io-index	2a180dd8642fa45cdb7dd721cd4c11b1cadd4929ce112ebd8b9f5803cc79d536	YES	UNKNOWN		COVERAGE-UNKNOWN	[]	Exact docs.rs source listing unavailable: Response status code does not indicate success: 429 ().
objc2-core-services	0.3.2	registry+https://github.com/rust-lang/crates.io-index	583300ad934cba24ff5292aee751ecc070f7ca6b39a574cc21b7b5e588e06a0b	YES	UNKNOWN		COVERAGE-UNKNOWN	[]	Exact docs.rs source listing unavailable: Response status code does not indicate success: 429 ().
once_cell	1.21.4	registry+https://github.com/rust-lang/crates.io-index	9f7c3e4beb33f85d45ae3e3a1792185706c8e16d043238c593331cc7cd313b50	YES	GRANT-TEXT-VERIFIED	MIT	APPROVED-WITH-OBLIGATIONS	[{"url":"https://docs.rs/crate/once_cell/1.21.4/source/LICENSE-MIT","sha256":"23f18e03dc49df91622fe2a76176497404e46ced8a715d9d2b67a7446571cca3","bytes":1023,"grant":"MIT"}]	 Legal fetch failed: LICENSE-APACHE;
oorandom	11.1.5	registry+https://github.com/rust-lang/crates.io-index	d6790f58c7ff633d8771f42965289203411a5e5c68388703c06e14f24770b41e	YES	UNKNOWN		COVERAGE-UNKNOWN	[{"url":"https://docs.rs/crate/oorandom/11.1.5/source/LICENSE-MIT","sha256":"e3f96201e81ea40ed151ec06694dd5b1d9e6b94a74f47a1c45779c4b8a293888","bytes":1077,"grant":""}]	 Root text read but no complete recognized grant established; manual review required
outref	0.5.2	registry+https://github.com/rust-lang/crates.io-index	1a80800c0488c3a21695ea981a54918fbb37abf04f4d0720c453632255e2ff0e	YES	UNKNOWN		COVERAGE-UNKNOWN	[]	Exact docs.rs source listing unavailable: Response status code does not indicate success: 429 ().
owo-colors	4.4.0	registry+https://github.com/rust-lang/crates.io-index	13c45bb4a6ae1280ec0803b1ef9d3455eb50f01efbbe1447ab020f1d54fba9d8	YES	UNKNOWN		COVERAGE-UNKNOWN	[]	 Legal fetch failed: LICENSE; Root text read but no complete recognized grant established; manual review required
oxc	0.151.0	registry+https://github.com/rust-lang/crates.io-index	40c1a35009a2f553b1f482c6f9f32aac8af4773abb0cbcb3378af689b90e23ae	YES	GRANT-TEXT-VERIFIED	MIT + publisher copied-material notices	APPROVED-WITH-OBLIGATIONS	[{"url":"https://raw.githubusercontent.com/oxc-project/oxc/bec650f15b457f3bffb6d79b65bf74bfcbaecdce/LICENSE","sha256":"95ced5ecf1133fbf41d409b5555c86c344f83f3b019926057ddbc07cfdcc27b3","grant":"MIT"},{"url":"https://raw.githubusercontent.com/oxc-project/oxc/bec650f15b457f3bffb6d79b65bf74bfcbaecdce/crates/oxc/Cargo.toml","sha256":"b261addaa3a7161cf0c0c4e3cef33c986a9e6636ae2f2ac12eba4e7ec4adc442","grant":"identity/inheritance"},{"url":"https://raw.githubusercontent.com/oxc-project/oxc/bec650f15b457f3bffb6d79b65bf74bfcbaecdce/THIRD-PARTY-LICENSE","sha256":"77643247a04db72198cea3c8b73751091821b4d51b5448fd65501127a9db5111","grant":"MIT/Apache-2.0/BSD/ISC supplied notices"}]	Exact docs.rs source listing unavailable: Response status code does not indicate success: 429 (). Exact canonical crates_v0.151.0 source manifest pins name/version/license inheritance; source grant read independently. Source-release-to-registry-byte attestation NOT-RUN.
oxc_allocator	0.151.0	registry+https://github.com/rust-lang/crates.io-index	8c0b817e08c45c28fbc74511ff2cdf1c9e86b457dd1b6da2c49931493fbb438d	YES	GRANT-TEXT-VERIFIED	MIT + publisher copied-material notices	APPROVED-WITH-OBLIGATIONS	[{"url":"https://raw.githubusercontent.com/oxc-project/oxc/bec650f15b457f3bffb6d79b65bf74bfcbaecdce/LICENSE","sha256":"95ced5ecf1133fbf41d409b5555c86c344f83f3b019926057ddbc07cfdcc27b3","grant":"MIT"},{"url":"https://raw.githubusercontent.com/oxc-project/oxc/bec650f15b457f3bffb6d79b65bf74bfcbaecdce/crates/oxc_allocator/Cargo.toml","sha256":"ee774a54272bfe441d32f976ccd65a8ea4e767f7348c99847581230b3b906f88","grant":"identity/inheritance"},{"url":"https://raw.githubusercontent.com/oxc-project/oxc/bec650f15b457f3bffb6d79b65bf74bfcbaecdce/THIRD-PARTY-LICENSE","sha256":"77643247a04db72198cea3c8b73751091821b4d51b5448fd65501127a9db5111","grant":"MIT/Apache-2.0/BSD/ISC supplied notices"}]	Exact docs.rs source listing unavailable: Response status code does not indicate success: 429 (). Exact canonical crates_v0.151.0 source manifest pins name/version/license inheritance; source grant read independently. Source-release-to-registry-byte attestation NOT-RUN.
oxc_ast	0.151.0	registry+https://github.com/rust-lang/crates.io-index	202ffaaa2337e1826b5855b2f2667ef3cfcee44c012148c8640e44dba3bec750	YES	GRANT-TEXT-VERIFIED	MIT + publisher copied-material notices	APPROVED-WITH-OBLIGATIONS	[{"url":"https://raw.githubusercontent.com/oxc-project/oxc/bec650f15b457f3bffb6d79b65bf74bfcbaecdce/LICENSE","sha256":"95ced5ecf1133fbf41d409b5555c86c344f83f3b019926057ddbc07cfdcc27b3","grant":"MIT"},{"url":"https://raw.githubusercontent.com/oxc-project/oxc/bec650f15b457f3bffb6d79b65bf74bfcbaecdce/crates/oxc_ast/Cargo.toml","sha256":"3c3afa36259d4b5289321dab57fd9ec39b62f84a74a61ffbb13406157330272e","grant":"identity/inheritance"},{"url":"https://raw.githubusercontent.com/oxc-project/oxc/bec650f15b457f3bffb6d79b65bf74bfcbaecdce/THIRD-PARTY-LICENSE","sha256":"77643247a04db72198cea3c8b73751091821b4d51b5448fd65501127a9db5111","grant":"MIT/Apache-2.0/BSD/ISC supplied notices"}]	Exact docs.rs source listing unavailable: Response status code does not indicate success: 429 (). Exact canonical crates_v0.151.0 source manifest pins name/version/license inheritance; source grant read independently. Source-release-to-registry-byte attestation NOT-RUN.
oxc_ast_macros	0.151.0	registry+https://github.com/rust-lang/crates.io-index	e94bf90674e95f29b2579546cd16334ccd588bb0ef60d490a15878f0c020e093	YES	GRANT-TEXT-VERIFIED	MIT + publisher copied-material notices	APPROVED-WITH-OBLIGATIONS	[{"url":"https://raw.githubusercontent.com/oxc-project/oxc/bec650f15b457f3bffb6d79b65bf74bfcbaecdce/LICENSE","sha256":"95ced5ecf1133fbf41d409b5555c86c344f83f3b019926057ddbc07cfdcc27b3","grant":"MIT"},{"url":"https://raw.githubusercontent.com/oxc-project/oxc/bec650f15b457f3bffb6d79b65bf74bfcbaecdce/crates/oxc_ast_macros/Cargo.toml","sha256":"fb3407750fa4ddbe1f00ea7824ebb65f080d38073786c6b1d90c347734e830d2","grant":"identity/inheritance"},{"url":"https://raw.githubusercontent.com/oxc-project/oxc/bec650f15b457f3bffb6d79b65bf74bfcbaecdce/THIRD-PARTY-LICENSE","sha256":"77643247a04db72198cea3c8b73751091821b4d51b5448fd65501127a9db5111","grant":"MIT/Apache-2.0/BSD/ISC supplied notices"}]	No root legal file found in exact source listing Exact canonical crates_v0.151.0 source manifest pins name/version/license inheritance; source grant read independently. Source-release-to-registry-byte attestation NOT-RUN.
oxc_ast_visit	0.151.0	registry+https://github.com/rust-lang/crates.io-index	6b8c97a8aaeffe6d1dd8236caf5143833381968941557200451ba57dd0cb0da3	YES	GRANT-TEXT-VERIFIED	MIT + publisher copied-material notices	APPROVED-WITH-OBLIGATIONS	[{"url":"https://raw.githubusercontent.com/oxc-project/oxc/bec650f15b457f3bffb6d79b65bf74bfcbaecdce/LICENSE","sha256":"95ced5ecf1133fbf41d409b5555c86c344f83f3b019926057ddbc07cfdcc27b3","grant":"MIT"},{"url":"https://raw.githubusercontent.com/oxc-project/oxc/bec650f15b457f3bffb6d79b65bf74bfcbaecdce/crates/oxc_ast_visit/Cargo.toml","sha256":"48f7d42fdcddb6e7706cb08c8c589a6e4eac82cc983ecb0876c2d580c1ba1892","grant":"identity/inheritance"},{"url":"https://raw.githubusercontent.com/oxc-project/oxc/bec650f15b457f3bffb6d79b65bf74bfcbaecdce/THIRD-PARTY-LICENSE","sha256":"77643247a04db72198cea3c8b73751091821b4d51b5448fd65501127a9db5111","grant":"MIT/Apache-2.0/BSD/ISC supplied notices"}]	Exact docs.rs source listing unavailable: Response status code does not indicate success: 429 (). Exact canonical crates_v0.151.0 source manifest pins name/version/license inheritance; source grant read independently. Source-release-to-registry-byte attestation NOT-RUN.
oxc_codegen	0.151.0	registry+https://github.com/rust-lang/crates.io-index	072f4ca9a6dc7f3db07975345c5eeddf75f5cbcd2baed4127a7bfe8c32aabf45	YES	GRANT-TEXT-VERIFIED	MIT + publisher copied-material notices	APPROVED-WITH-OBLIGATIONS	[{"url":"https://raw.githubusercontent.com/oxc-project/oxc/bec650f15b457f3bffb6d79b65bf74bfcbaecdce/LICENSE","sha256":"95ced5ecf1133fbf41d409b5555c86c344f83f3b019926057ddbc07cfdcc27b3","grant":"MIT"},{"url":"https://raw.githubusercontent.com/oxc-project/oxc/bec650f15b457f3bffb6d79b65bf74bfcbaecdce/crates/oxc_codegen/Cargo.toml","sha256":"301c3dcfc420077c9b4cb60229c257a29fa9075be80a9a8647d5b242a21dfa2e","grant":"identity/inheritance"},{"url":"https://raw.githubusercontent.com/oxc-project/oxc/bec650f15b457f3bffb6d79b65bf74bfcbaecdce/THIRD-PARTY-LICENSE","sha256":"77643247a04db72198cea3c8b73751091821b4d51b5448fd65501127a9db5111","grant":"MIT/Apache-2.0/BSD/ISC supplied notices"}]	Exact docs.rs source listing unavailable: Response status code does not indicate success: 429 (). Exact canonical crates_v0.151.0 source manifest pins name/version/license inheritance; source grant read independently. Source-release-to-registry-byte attestation NOT-RUN.
oxc_compat	0.151.0	registry+https://github.com/rust-lang/crates.io-index	2c9d77aedfd33ee8c1b60d4b1f196557a9015d6ae14f7a50855dd1d48ede6113	YES	GRANT-TEXT-VERIFIED	MIT + publisher copied-material notices	APPROVED-WITH-OBLIGATIONS	[{"url":"https://raw.githubusercontent.com/oxc-project/oxc/bec650f15b457f3bffb6d79b65bf74bfcbaecdce/LICENSE","sha256":"95ced5ecf1133fbf41d409b5555c86c344f83f3b019926057ddbc07cfdcc27b3","grant":"MIT"},{"url":"https://raw.githubusercontent.com/oxc-project/oxc/bec650f15b457f3bffb6d79b65bf74bfcbaecdce/crates/oxc_compat/Cargo.toml","sha256":"9ef6326de2160d87c1cf6daff3e83fad0a0c8f28790a08c82c2832db846f95e7","grant":"identity/inheritance"},{"url":"https://raw.githubusercontent.com/oxc-project/oxc/bec650f15b457f3bffb6d79b65bf74bfcbaecdce/THIRD-PARTY-LICENSE","sha256":"77643247a04db72198cea3c8b73751091821b4d51b5448fd65501127a9db5111","grant":"MIT/Apache-2.0/BSD/ISC supplied notices"}]	Exact docs.rs source listing unavailable: Response status code does not indicate success: 429 (). Exact canonical crates_v0.151.0 source manifest pins name/version/license inheritance; source grant read independently. Source-release-to-registry-byte attestation NOT-RUN.
oxc_data_structures	0.151.0	registry+https://github.com/rust-lang/crates.io-index	4d93d5de8ad9fa036f970179eb08d19a3eaad0dd3c794dcd5321d2c25db71f5e	YES	GRANT-TEXT-VERIFIED	MIT + publisher copied-material notices	APPROVED-WITH-OBLIGATIONS	[{"url":"https://raw.githubusercontent.com/oxc-project/oxc/bec650f15b457f3bffb6d79b65bf74bfcbaecdce/LICENSE","sha256":"95ced5ecf1133fbf41d409b5555c86c344f83f3b019926057ddbc07cfdcc27b3","grant":"MIT"},{"url":"https://raw.githubusercontent.com/oxc-project/oxc/bec650f15b457f3bffb6d79b65bf74bfcbaecdce/crates/oxc_data_structures/Cargo.toml","sha256":"8db2f8c2e6a07fe7ce3cd2b35679d25fda0b53dc5dce766ef2e5e5276951dc51","grant":"identity/inheritance"},{"url":"https://raw.githubusercontent.com/oxc-project/oxc/bec650f15b457f3bffb6d79b65bf74bfcbaecdce/THIRD-PARTY-LICENSE","sha256":"77643247a04db72198cea3c8b73751091821b4d51b5448fd65501127a9db5111","grant":"MIT/Apache-2.0/BSD/ISC supplied notices"}]	Exact docs.rs source listing unavailable: Response status code does not indicate success: 429 (). Exact canonical crates_v0.151.0 source manifest pins name/version/license inheritance; source grant read independently. Source-release-to-registry-byte attestation NOT-RUN.
oxc_diagnostics	0.151.0	registry+https://github.com/rust-lang/crates.io-index	0eb98dbf92b8597e43d689bed6afb6e508c5ae358d6d8105a1fb25daef7918d5	YES	GRANT-TEXT-VERIFIED	MIT + publisher copied-material notices	APPROVED-WITH-OBLIGATIONS	[{"url":"https://raw.githubusercontent.com/oxc-project/oxc/bec650f15b457f3bffb6d79b65bf74bfcbaecdce/LICENSE","sha256":"95ced5ecf1133fbf41d409b5555c86c344f83f3b019926057ddbc07cfdcc27b3","grant":"MIT"},{"url":"https://raw.githubusercontent.com/oxc-project/oxc/bec650f15b457f3bffb6d79b65bf74bfcbaecdce/crates/oxc_diagnostics/Cargo.toml","sha256":"83d6a14638320b2fde8eb29698cf564dc1fbdd3fe2a4cf4fe79f986263474897","grant":"identity/inheritance"},{"url":"https://raw.githubusercontent.com/oxc-project/oxc/bec650f15b457f3bffb6d79b65bf74bfcbaecdce/THIRD-PARTY-LICENSE","sha256":"77643247a04db72198cea3c8b73751091821b4d51b5448fd65501127a9db5111","grant":"MIT/Apache-2.0/BSD/ISC supplied notices"}]	Exact docs.rs source listing unavailable: Response status code does not indicate success: 429 (). Exact canonical crates_v0.151.0 source manifest pins name/version/license inheritance; source grant read independently. Source-release-to-registry-byte attestation NOT-RUN.
oxc_ecmascript	0.151.0	registry+https://github.com/rust-lang/crates.io-index	899933206d84edb4bb5ccc8027633fa33d30687ba2ca539361cdd5d3ff2c1246	YES	GRANT-TEXT-VERIFIED	MIT + publisher copied-material notices	APPROVED-WITH-OBLIGATIONS	[{"url":"https://raw.githubusercontent.com/oxc-project/oxc/bec650f15b457f3bffb6d79b65bf74bfcbaecdce/LICENSE","sha256":"95ced5ecf1133fbf41d409b5555c86c344f83f3b019926057ddbc07cfdcc27b3","grant":"MIT"},{"url":"https://raw.githubusercontent.com/oxc-project/oxc/bec650f15b457f3bffb6d79b65bf74bfcbaecdce/crates/oxc_ecmascript/Cargo.toml","sha256":"87a18cf6930bcae3c4ff2ed2aa152a28a68af4b96a11f77f067688eff46ca758","grant":"identity/inheritance"},{"url":"https://raw.githubusercontent.com/oxc-project/oxc/bec650f15b457f3bffb6d79b65bf74bfcbaecdce/THIRD-PARTY-LICENSE","sha256":"77643247a04db72198cea3c8b73751091821b4d51b5448fd65501127a9db5111","grant":"MIT/Apache-2.0/BSD/ISC supplied notices"}]	No root legal file found in exact source listing Exact canonical crates_v0.151.0 source manifest pins name/version/license inheritance; source grant read independently. Source-release-to-registry-byte attestation NOT-RUN.
oxc_estree	0.151.0	registry+https://github.com/rust-lang/crates.io-index	f08888715b49149d49324a99d53a9fa4f9375eb2b96d1694ce098097b410e1a1	YES	GRANT-TEXT-VERIFIED	MIT + publisher copied-material notices	APPROVED-WITH-OBLIGATIONS	[{"url":"https://raw.githubusercontent.com/oxc-project/oxc/bec650f15b457f3bffb6d79b65bf74bfcbaecdce/LICENSE","sha256":"95ced5ecf1133fbf41d409b5555c86c344f83f3b019926057ddbc07cfdcc27b3","grant":"MIT"},{"url":"https://raw.githubusercontent.com/oxc-project/oxc/bec650f15b457f3bffb6d79b65bf74bfcbaecdce/crates/oxc_estree/Cargo.toml","sha256":"32f2a4b205eb6c8560192b366b40afd1aa0d856499036a1a00b3c5e1732021d7","grant":"identity/inheritance"},{"url":"https://raw.githubusercontent.com/oxc-project/oxc/bec650f15b457f3bffb6d79b65bf74bfcbaecdce/THIRD-PARTY-LICENSE","sha256":"77643247a04db72198cea3c8b73751091821b4d51b5448fd65501127a9db5111","grant":"MIT/Apache-2.0/BSD/ISC supplied notices"}]	Exact docs.rs source listing unavailable: Response status code does not indicate success: 429 (). Exact canonical crates_v0.151.0 source manifest pins name/version/license inheritance; source grant read independently. Source-release-to-registry-byte attestation NOT-RUN.
oxc_index	5.0.0	registry+https://github.com/rust-lang/crates.io-index	191884bee6c3744909a51acc7d78d4ae370d817b25875b10642f632327b6296e	YES	UNKNOWN		COVERAGE-UNKNOWN	[]	Exact docs.rs source listing unavailable: Response status code does not indicate success: 429 ().
oxc_isolated_declarations	0.151.0	registry+https://github.com/rust-lang/crates.io-index	e3adbfced895229e56d8eb4596411c6e9bd824ec299974580894cec6fb6b943c	YES	GRANT-TEXT-VERIFIED	MIT + publisher copied-material notices	APPROVED-WITH-OBLIGATIONS	[{"url":"https://raw.githubusercontent.com/oxc-project/oxc/bec650f15b457f3bffb6d79b65bf74bfcbaecdce/LICENSE","sha256":"95ced5ecf1133fbf41d409b5555c86c344f83f3b019926057ddbc07cfdcc27b3","grant":"MIT"},{"url":"https://raw.githubusercontent.com/oxc-project/oxc/bec650f15b457f3bffb6d79b65bf74bfcbaecdce/crates/oxc_isolated_declarations/Cargo.toml","sha256":"dd617df34346b91e55b3ef8ad3bd6423a9d7012d8cbf373f62f6d9bd06021ca9","grant":"identity/inheritance"},{"url":"https://raw.githubusercontent.com/oxc-project/oxc/bec650f15b457f3bffb6d79b65bf74bfcbaecdce/THIRD-PARTY-LICENSE","sha256":"77643247a04db72198cea3c8b73751091821b4d51b5448fd65501127a9db5111","grant":"MIT/Apache-2.0/BSD/ISC supplied notices"}]	Exact docs.rs source listing unavailable: Response status code does not indicate success: 429 (). Exact canonical crates_v0.151.0 source manifest pins name/version/license inheritance; source grant read independently. Source-release-to-registry-byte attestation NOT-RUN.
oxc_mangler	0.151.0	registry+https://github.com/rust-lang/crates.io-index	ef8723e6c50c791e030db56c17e531469bfeddb09391ed22c3915ffb57468b72	YES	GRANT-TEXT-VERIFIED	MIT + publisher copied-material notices	APPROVED-WITH-OBLIGATIONS	[{"url":"https://raw.githubusercontent.com/oxc-project/oxc/bec650f15b457f3bffb6d79b65bf74bfcbaecdce/LICENSE","sha256":"95ced5ecf1133fbf41d409b5555c86c344f83f3b019926057ddbc07cfdcc27b3","grant":"MIT"},{"url":"https://raw.githubusercontent.com/oxc-project/oxc/bec650f15b457f3bffb6d79b65bf74bfcbaecdce/crates/oxc_mangler/Cargo.toml","sha256":"646c0b64449675660e0a5a2852b04cfffc71fc9d02e2dc32bc182ab6b601177a","grant":"identity/inheritance"},{"url":"https://raw.githubusercontent.com/oxc-project/oxc/bec650f15b457f3bffb6d79b65bf74bfcbaecdce/THIRD-PARTY-LICENSE","sha256":"77643247a04db72198cea3c8b73751091821b4d51b5448fd65501127a9db5111","grant":"MIT/Apache-2.0/BSD/ISC supplied notices"}]	Exact docs.rs source listing unavailable: Response status code does not indicate success: 429 (). Exact canonical crates_v0.151.0 source manifest pins name/version/license inheritance; source grant read independently. Source-release-to-registry-byte attestation NOT-RUN.
oxc_minifier	0.151.0	registry+https://github.com/rust-lang/crates.io-index	8d988e703552a17cb7fa4146be5f505e8b833d29aff95b82eae1b960dd52bece	YES	GRANT-TEXT-VERIFIED	MIT + publisher copied-material notices	APPROVED-WITH-OBLIGATIONS	[{"url":"https://raw.githubusercontent.com/oxc-project/oxc/bec650f15b457f3bffb6d79b65bf74bfcbaecdce/LICENSE","sha256":"95ced5ecf1133fbf41d409b5555c86c344f83f3b019926057ddbc07cfdcc27b3","grant":"MIT"},{"url":"https://raw.githubusercontent.com/oxc-project/oxc/bec650f15b457f3bffb6d79b65bf74bfcbaecdce/crates/oxc_minifier/Cargo.toml","sha256":"2bc6483c8e44739b296401ead3f1827ad78e0a0249d05a0517f2bb4bb95a79a7","grant":"identity/inheritance"},{"url":"https://raw.githubusercontent.com/oxc-project/oxc/bec650f15b457f3bffb6d79b65bf74bfcbaecdce/THIRD-PARTY-LICENSE","sha256":"77643247a04db72198cea3c8b73751091821b4d51b5448fd65501127a9db5111","grant":"MIT/Apache-2.0/BSD/ISC supplied notices"}]	Exact docs.rs source listing unavailable: Response status code does not indicate success: 429 (). Exact canonical crates_v0.151.0 source manifest pins name/version/license inheritance; source grant read independently. Source-release-to-registry-byte attestation NOT-RUN.
oxc_minify_napi	0.151.0	registry+https://github.com/rust-lang/crates.io-index	6d32445ab5a0c7acca610b9e332ea2eb5a30e646dc04f74e9129d298ea6b2852	YES	GRANT-TEXT-VERIFIED	MIT + publisher copied-material notices	APPROVED-WITH-OBLIGATIONS	[{"url":"https://raw.githubusercontent.com/oxc-project/oxc/bec650f15b457f3bffb6d79b65bf74bfcbaecdce/LICENSE","sha256":"95ced5ecf1133fbf41d409b5555c86c344f83f3b019926057ddbc07cfdcc27b3","grant":"MIT"},{"url":"https://raw.githubusercontent.com/oxc-project/oxc/bec650f15b457f3bffb6d79b65bf74bfcbaecdce/napi/minify/Cargo.toml","sha256":"139f493f847a07ed24742f6c1478d0800b4721e8c2d9d9bfd4701bd32d1d3e0e","grant":"identity/inheritance"},{"url":"https://raw.githubusercontent.com/oxc-project/oxc/bec650f15b457f3bffb6d79b65bf74bfcbaecdce/THIRD-PARTY-LICENSE","sha256":"77643247a04db72198cea3c8b73751091821b4d51b5448fd65501127a9db5111","grant":"MIT/Apache-2.0/BSD/ISC supplied notices"}]	No root legal file found in exact source listing Exact canonical crates_v0.151.0 source manifest pins name/version/license inheritance; source grant read independently. Source-release-to-registry-byte attestation NOT-RUN.
oxc_napi	0.151.0	registry+https://github.com/rust-lang/crates.io-index	789cc72e200a82842f14ec68ec66b8866b1b685676ac083c3c911fa8c1144680	YES	GRANT-TEXT-VERIFIED	MIT + publisher copied-material notices	APPROVED-WITH-OBLIGATIONS	[{"url":"https://raw.githubusercontent.com/oxc-project/oxc/bec650f15b457f3bffb6d79b65bf74bfcbaecdce/LICENSE","sha256":"95ced5ecf1133fbf41d409b5555c86c344f83f3b019926057ddbc07cfdcc27b3","grant":"MIT"},{"url":"https://raw.githubusercontent.com/oxc-project/oxc/bec650f15b457f3bffb6d79b65bf74bfcbaecdce/crates/oxc_napi/Cargo.toml","sha256":"2a48ce6d3b1b58d6b6595840da101e8e76fb672b656057a03588fb38083f0eff","grant":"identity/inheritance"},{"url":"https://raw.githubusercontent.com/oxc-project/oxc/bec650f15b457f3bffb6d79b65bf74bfcbaecdce/THIRD-PARTY-LICENSE","sha256":"77643247a04db72198cea3c8b73751091821b4d51b5448fd65501127a9db5111","grant":"MIT/Apache-2.0/BSD/ISC supplied notices"}]	Exact docs.rs source listing unavailable: Response status code does not indicate success: 429 (). Exact canonical crates_v0.151.0 source manifest pins name/version/license inheritance; source grant read independently. Source-release-to-registry-byte attestation NOT-RUN.
oxc_parser	0.151.0	registry+https://github.com/rust-lang/crates.io-index	b461f66fd02878fd12819428ca6d887e967b512f7a0f7c0a9fb6c17b5a9ae694	YES	GRANT-TEXT-VERIFIED	MIT + publisher copied-material notices	APPROVED-WITH-OBLIGATIONS	[{"url":"https://raw.githubusercontent.com/oxc-project/oxc/bec650f15b457f3bffb6d79b65bf74bfcbaecdce/LICENSE","sha256":"95ced5ecf1133fbf41d409b5555c86c344f83f3b019926057ddbc07cfdcc27b3","grant":"MIT"},{"url":"https://raw.githubusercontent.com/oxc-project/oxc/bec650f15b457f3bffb6d79b65bf74bfcbaecdce/crates/oxc_parser/Cargo.toml","sha256":"5e6d8a78fd733de95fbe84007c0e429c4f118597626d86b9903be1a72f3559ea","grant":"identity/inheritance"},{"url":"https://raw.githubusercontent.com/oxc-project/oxc/bec650f15b457f3bffb6d79b65bf74bfcbaecdce/THIRD-PARTY-LICENSE","sha256":"77643247a04db72198cea3c8b73751091821b4d51b5448fd65501127a9db5111","grant":"MIT/Apache-2.0/BSD/ISC supplied notices"}]	Exact docs.rs source listing unavailable: Response status code does not indicate success: 429 (). Exact canonical crates_v0.151.0 source manifest pins name/version/license inheritance; source grant read independently. Source-release-to-registry-byte attestation NOT-RUN.
oxc_parser_napi	0.151.0	registry+https://github.com/rust-lang/crates.io-index	11a9f300060b92f2db499cb7bc222d27430b260eb205b4ab0d76ec73dfd40389	YES	GRANT-TEXT-VERIFIED	MIT + publisher copied-material notices	APPROVED-WITH-OBLIGATIONS	[{"url":"https://raw.githubusercontent.com/oxc-project/oxc/bec650f15b457f3bffb6d79b65bf74bfcbaecdce/LICENSE","sha256":"95ced5ecf1133fbf41d409b5555c86c344f83f3b019926057ddbc07cfdcc27b3","grant":"MIT"},{"url":"https://raw.githubusercontent.com/oxc-project/oxc/bec650f15b457f3bffb6d79b65bf74bfcbaecdce/napi/parser/Cargo.toml","sha256":"c10ef0ddc6d0f28f318731ee64111d4d2f77176ca291db272a491238445bab13","grant":"identity/inheritance"},{"url":"https://raw.githubusercontent.com/oxc-project/oxc/bec650f15b457f3bffb6d79b65bf74bfcbaecdce/THIRD-PARTY-LICENSE","sha256":"77643247a04db72198cea3c8b73751091821b4d51b5448fd65501127a9db5111","grant":"MIT/Apache-2.0/BSD/ISC supplied notices"}]	Exact docs.rs source listing unavailable: Response status code does not indicate success: 429 (). Exact canonical crates_v0.151.0 source manifest pins name/version/license inheritance; source grant read independently. Source-release-to-registry-byte attestation NOT-RUN.
oxc_regular_expression	0.151.0	registry+https://github.com/rust-lang/crates.io-index	15b7b7bd14ea6d12858942fc1ac9f3c1b3c448030ef564bafcc33faca480e293	YES	GRANT-TEXT-VERIFIED	MIT + publisher copied-material notices	APPROVED-WITH-OBLIGATIONS	[{"url":"https://raw.githubusercontent.com/oxc-project/oxc/bec650f15b457f3bffb6d79b65bf74bfcbaecdce/LICENSE","sha256":"95ced5ecf1133fbf41d409b5555c86c344f83f3b019926057ddbc07cfdcc27b3","grant":"MIT"},{"url":"https://raw.githubusercontent.com/oxc-project/oxc/bec650f15b457f3bffb6d79b65bf74bfcbaecdce/crates/oxc_regular_expression/Cargo.toml","sha256":"c0fbeb1f0212068e7df4128374060e128d860912370a71f1c12ecb9118266842","grant":"identity/inheritance"},{"url":"https://raw.githubusercontent.com/oxc-project/oxc/bec650f15b457f3bffb6d79b65bf74bfcbaecdce/THIRD-PARTY-LICENSE","sha256":"77643247a04db72198cea3c8b73751091821b4d51b5448fd65501127a9db5111","grant":"MIT/Apache-2.0/BSD/ISC supplied notices"}]	Exact docs.rs source listing unavailable: Response status code does not indicate success: 429 (). Exact canonical crates_v0.151.0 source manifest pins name/version/license inheritance; source grant read independently. Source-release-to-registry-byte attestation NOT-RUN.
oxc_resolver	11.24.3	registry+https://github.com/rust-lang/crates.io-index	2c7fd0839a5ecee17c0d2c88c8006e8ab4dff25d4a79e3a0bf7a9f0cce17f4e3	YES	UNKNOWN		COVERAGE-UNKNOWN	[]	No root legal file found in exact source listing
oxc_resolver_napi	11.24.3	registry+https://github.com/rust-lang/crates.io-index	cdee6c577ec7aee0edfcd29c8ef8866a4bff7478e06378b2caf74c5bd0cd37b9	YES	UNKNOWN		COVERAGE-UNKNOWN	[]	Exact docs.rs source listing unavailable: Response status code does not indicate success: 429 ().
oxc_semantic	0.151.0	registry+https://github.com/rust-lang/crates.io-index	d105de95afcf7c3fa84c5daa9a2c483f28e8469111e08bd7aaaf8552245abf78	YES	GRANT-TEXT-VERIFIED	MIT + publisher copied-material notices	APPROVED-WITH-OBLIGATIONS	[{"url":"https://raw.githubusercontent.com/oxc-project/oxc/bec650f15b457f3bffb6d79b65bf74bfcbaecdce/LICENSE","sha256":"95ced5ecf1133fbf41d409b5555c86c344f83f3b019926057ddbc07cfdcc27b3","grant":"MIT"},{"url":"https://raw.githubusercontent.com/oxc-project/oxc/bec650f15b457f3bffb6d79b65bf74bfcbaecdce/crates/oxc_semantic/Cargo.toml","sha256":"1fb54095181f049505b6a9a0ceb3ce4d0026df8c8aff873d3384de60ccdc94ab","grant":"identity/inheritance"},{"url":"https://raw.githubusercontent.com/oxc-project/oxc/bec650f15b457f3bffb6d79b65bf74bfcbaecdce/THIRD-PARTY-LICENSE","sha256":"77643247a04db72198cea3c8b73751091821b4d51b5448fd65501127a9db5111","grant":"MIT/Apache-2.0/BSD/ISC supplied notices"}]	Exact docs.rs source listing unavailable: Response status code does not indicate success: 429 (). Exact canonical crates_v0.151.0 source manifest pins name/version/license inheritance; source grant read independently. Source-release-to-registry-byte attestation NOT-RUN.
oxc_sourcemap	8.1.2	registry+https://github.com/rust-lang/crates.io-index	b415102a94b483bbd76d13e850fe87961197e5795c79a8523ebec5d82025f94f	YES	UNKNOWN		COVERAGE-UNKNOWN	[]	Exact docs.rs source listing unavailable: Response status code does not indicate success: 429 ().
oxc_span	0.151.0	registry+https://github.com/rust-lang/crates.io-index	20a71eea4ea7c4a23cf5a658d8e136541802365121ce6586b59b80cdbab96309	YES	GRANT-TEXT-VERIFIED	MIT + publisher copied-material notices	APPROVED-WITH-OBLIGATIONS	[{"url":"https://raw.githubusercontent.com/oxc-project/oxc/bec650f15b457f3bffb6d79b65bf74bfcbaecdce/LICENSE","sha256":"95ced5ecf1133fbf41d409b5555c86c344f83f3b019926057ddbc07cfdcc27b3","grant":"MIT"},{"url":"https://raw.githubusercontent.com/oxc-project/oxc/bec650f15b457f3bffb6d79b65bf74bfcbaecdce/crates/oxc_span/Cargo.toml","sha256":"f867e12c1dc5b1b4c05196e514c1ccf35c68c0d7b71e9f310f22f1e66a755973","grant":"identity/inheritance"},{"url":"https://raw.githubusercontent.com/oxc-project/oxc/bec650f15b457f3bffb6d79b65bf74bfcbaecdce/THIRD-PARTY-LICENSE","sha256":"77643247a04db72198cea3c8b73751091821b4d51b5448fd65501127a9db5111","grant":"MIT/Apache-2.0/BSD/ISC supplied notices"}]	Exact docs.rs source listing unavailable: Response status code does not indicate success: 429 (). Exact canonical crates_v0.151.0 source manifest pins name/version/license inheritance; source grant read independently. Source-release-to-registry-byte attestation NOT-RUN.
oxc_str	0.151.0	registry+https://github.com/rust-lang/crates.io-index	6b91cc4c578ebb315cd4110b90b194ac46d89488cdf7368f50ad8f69d35d216f	YES	GRANT-TEXT-VERIFIED	MIT + publisher copied-material notices	APPROVED-WITH-OBLIGATIONS	[{"url":"https://raw.githubusercontent.com/oxc-project/oxc/bec650f15b457f3bffb6d79b65bf74bfcbaecdce/LICENSE","sha256":"95ced5ecf1133fbf41d409b5555c86c344f83f3b019926057ddbc07cfdcc27b3","grant":"MIT"},{"url":"https://raw.githubusercontent.com/oxc-project/oxc/bec650f15b457f3bffb6d79b65bf74bfcbaecdce/crates/oxc_str/Cargo.toml","sha256":"39622d9c06360a6244d9e4c36cb24ca9ec95257c238a0db3010c9a16f63dbc2b","grant":"identity/inheritance"},{"url":"https://raw.githubusercontent.com/oxc-project/oxc/bec650f15b457f3bffb6d79b65bf74bfcbaecdce/THIRD-PARTY-LICENSE","sha256":"77643247a04db72198cea3c8b73751091821b4d51b5448fd65501127a9db5111","grant":"MIT/Apache-2.0/BSD/ISC supplied notices"}]	Exact docs.rs source listing unavailable: Response status code does not indicate success: 429 (). Exact canonical crates_v0.151.0 source manifest pins name/version/license inheritance; source grant read independently. Source-release-to-registry-byte attestation NOT-RUN.
oxc_syntax	0.151.0	registry+https://github.com/rust-lang/crates.io-index	719d4ae2bee14590ed2b39e1b7f6b8a9a0e914371f9117b8ebdc0afe7a12905e	YES	GRANT-TEXT-VERIFIED	MIT + publisher copied-material notices	APPROVED-WITH-OBLIGATIONS	[{"url":"https://raw.githubusercontent.com/oxc-project/oxc/bec650f15b457f3bffb6d79b65bf74bfcbaecdce/LICENSE","sha256":"95ced5ecf1133fbf41d409b5555c86c344f83f3b019926057ddbc07cfdcc27b3","grant":"MIT"},{"url":"https://raw.githubusercontent.com/oxc-project/oxc/bec650f15b457f3bffb6d79b65bf74bfcbaecdce/crates/oxc_syntax/Cargo.toml","sha256":"2dc26ce1d6936fa79824cde7db3947f9e776283abe2f5d60ebb64fc4d9f5f173","grant":"identity/inheritance"},{"url":"https://raw.githubusercontent.com/oxc-project/oxc/bec650f15b457f3bffb6d79b65bf74bfcbaecdce/THIRD-PARTY-LICENSE","sha256":"77643247a04db72198cea3c8b73751091821b4d51b5448fd65501127a9db5111","grant":"MIT/Apache-2.0/BSD/ISC supplied notices"}]	Exact docs.rs source listing unavailable: Response status code does not indicate success: 429 (). Exact canonical crates_v0.151.0 source manifest pins name/version/license inheritance; source grant read independently. Source-release-to-registry-byte attestation NOT-RUN.
oxc_transform_napi	0.151.0	registry+https://github.com/rust-lang/crates.io-index	82e50b364cde3d6327b95ed6e0e302c2394d55deead4557b1f0dc769cc62d1b5	YES	GRANT-TEXT-VERIFIED	MIT + publisher copied-material notices	APPROVED-WITH-OBLIGATIONS	[{"url":"https://raw.githubusercontent.com/oxc-project/oxc/bec650f15b457f3bffb6d79b65bf74bfcbaecdce/LICENSE","sha256":"95ced5ecf1133fbf41d409b5555c86c344f83f3b019926057ddbc07cfdcc27b3","grant":"MIT"},{"url":"https://raw.githubusercontent.com/oxc-project/oxc/bec650f15b457f3bffb6d79b65bf74bfcbaecdce/napi/transform/Cargo.toml","sha256":"0695829a20640b8ae94d2f12e10fd742d359de1ecc3ac43c60c0e675d12dd84a","grant":"identity/inheritance"},{"url":"https://raw.githubusercontent.com/oxc-project/oxc/bec650f15b457f3bffb6d79b65bf74bfcbaecdce/THIRD-PARTY-LICENSE","sha256":"77643247a04db72198cea3c8b73751091821b4d51b5448fd65501127a9db5111","grant":"MIT/Apache-2.0/BSD/ISC supplied notices"}]	Exact docs.rs source listing unavailable: Response status code does not indicate success: 429 (). Exact canonical crates_v0.151.0 source manifest pins name/version/license inheritance; source grant read independently. Source-release-to-registry-byte attestation NOT-RUN.
oxc_transformer	0.151.0	registry+https://github.com/rust-lang/crates.io-index	0c1d3f2c022e6d9f103556688e04991525403cb0d189e60e95c776d38dd98a29	YES	GRANT-TEXT-VERIFIED	MIT + publisher copied-material notices	APPROVED-WITH-OBLIGATIONS	[{"url":"https://raw.githubusercontent.com/oxc-project/oxc/bec650f15b457f3bffb6d79b65bf74bfcbaecdce/LICENSE","sha256":"95ced5ecf1133fbf41d409b5555c86c344f83f3b019926057ddbc07cfdcc27b3","grant":"MIT"},{"url":"https://raw.githubusercontent.com/oxc-project/oxc/bec650f15b457f3bffb6d79b65bf74bfcbaecdce/crates/oxc_transformer/Cargo.toml","sha256":"44e668c68b96498e9d2161f0a7fd2d9dba83ab3821ee4c0385d07dc292128f02","grant":"identity/inheritance"},{"url":"https://raw.githubusercontent.com/oxc-project/oxc/bec650f15b457f3bffb6d79b65bf74bfcbaecdce/THIRD-PARTY-LICENSE","sha256":"77643247a04db72198cea3c8b73751091821b4d51b5448fd65501127a9db5111","grant":"MIT/Apache-2.0/BSD/ISC supplied notices"}]	Exact docs.rs source listing unavailable: Response status code does not indicate success: 429 (). Exact canonical crates_v0.151.0 source manifest pins name/version/license inheritance; source grant read independently. Source-release-to-registry-byte attestation NOT-RUN.
oxc_transformer_plugins	0.151.0	registry+https://github.com/rust-lang/crates.io-index	db5b2ebe9fc82891d4aeab8ad113927398e35a099f0e06ebf7c6be2a3aebc4fe	YES	GRANT-TEXT-VERIFIED	MIT + publisher copied-material notices	APPROVED-WITH-OBLIGATIONS	[{"url":"https://raw.githubusercontent.com/oxc-project/oxc/bec650f15b457f3bffb6d79b65bf74bfcbaecdce/LICENSE","sha256":"95ced5ecf1133fbf41d409b5555c86c344f83f3b019926057ddbc07cfdcc27b3","grant":"MIT"},{"url":"https://raw.githubusercontent.com/oxc-project/oxc/bec650f15b457f3bffb6d79b65bf74bfcbaecdce/crates/oxc_transformer_plugins/Cargo.toml","sha256":"e1d91520282c456303810ecb7616963cc28ac25c671b808376a4f62041d33718","grant":"identity/inheritance"},{"url":"https://raw.githubusercontent.com/oxc-project/oxc/bec650f15b457f3bffb6d79b65bf74bfcbaecdce/THIRD-PARTY-LICENSE","sha256":"77643247a04db72198cea3c8b73751091821b4d51b5448fd65501127a9db5111","grant":"MIT/Apache-2.0/BSD/ISC supplied notices"}]	Exact docs.rs source listing unavailable: Response status code does not indicate success: 429 (). Exact canonical crates_v0.151.0 source manifest pins name/version/license inheritance; source grant read independently. Source-release-to-registry-byte attestation NOT-RUN.
oxc_traverse	0.151.0	registry+https://github.com/rust-lang/crates.io-index	8b2c242e72cf62c2f7632f702a991d01512763cdb264d6a6b2e2905ff6359a23	YES	GRANT-TEXT-VERIFIED	MIT + publisher copied-material notices	APPROVED-WITH-OBLIGATIONS	[{"url":"https://raw.githubusercontent.com/oxc-project/oxc/bec650f15b457f3bffb6d79b65bf74bfcbaecdce/LICENSE","sha256":"95ced5ecf1133fbf41d409b5555c86c344f83f3b019926057ddbc07cfdcc27b3","grant":"MIT"},{"url":"https://raw.githubusercontent.com/oxc-project/oxc/bec650f15b457f3bffb6d79b65bf74bfcbaecdce/crates/oxc_traverse/Cargo.toml","sha256":"1e2d032a644d60cfe5b8e420e7d02c91a0680603e91417b68feb0444687f82ac","grant":"identity/inheritance"},{"url":"https://raw.githubusercontent.com/oxc-project/oxc/bec650f15b457f3bffb6d79b65bf74bfcbaecdce/THIRD-PARTY-LICENSE","sha256":"77643247a04db72198cea3c8b73751091821b4d51b5448fd65501127a9db5111","grant":"MIT/Apache-2.0/BSD/ISC supplied notices"}]	Exact docs.rs source listing unavailable: Response status code does not indicate success: 429 (). Exact canonical crates_v0.151.0 source manifest pins name/version/license inheritance; source grant read independently. Source-release-to-registry-byte attestation NOT-RUN.
oxc-browserslist	5.0.1	registry+https://github.com/rust-lang/crates.io-index	456720daa870e4f69f8d29fded1c8deea82da4780a6b8553baa160eb0cd8d864	YES	UNKNOWN		COVERAGE-UNKNOWN	[]	Exact docs.rs source listing unavailable: Response status code does not indicate success: 429 ().
parking	2.2.1	registry+https://github.com/rust-lang/crates.io-index	f38d5652c16fde515bb1ecef450ab0f6a219d619a7274976324d5e377f7dceba	YES	GRANT-TEXT-VERIFIED	Apache-2.0	APPROVED-WITH-OBLIGATIONS	[{"url":"https://docs.rs/crate/parking/2.2.1/source/LICENSE-APACHE","sha256":"a60eea817514531668d7e00765731449fe14d059d3249e0bc93b36de45f759f2","bytes":10847,"grant":"Apache-2.0"},{"url":"https://docs.rs/crate/parking/2.2.1/source/LICENSE-MIT","sha256":"23f18e03dc49df91622fe2a76176497404e46ced8a715d9d2b67a7446571cca3","bytes":1023,"grant":"MIT"}]	 Legal fetch failed: LICENSE-THIRD-PARTY;
parking_lot	0.12.5	registry+https://github.com/rust-lang/crates.io-index	93857453250e3077bd71ff98b6a65ea6621a19bb0f559a85248955ac12c45a1a	YES	UNKNOWN		COVERAGE-UNKNOWN	[]	 Legal fetch failed: LICENSE-APACHE; Legal fetch failed: LICENSE-MIT; Root text read but no complete recognized grant established; manual review required
parking_lot_core	0.9.12	registry+https://github.com/rust-lang/crates.io-index	2621685985a2ebf1c516881c026032ac7deafcda1a2c9b7850dc81e3dfcb64c1	YES	UNKNOWN		COVERAGE-UNKNOWN	[]	 Legal fetch failed: LICENSE-APACHE; Legal fetch failed: LICENSE-MIT; Root text read but no complete recognized grant established; manual review required
path-posix	0.0.1	registry+https://github.com/rust-lang/crates.io-index	252f3dfa42084a2ba8294ec1cf6bf7beaed19753989bd17da833c33c6a3ddf9d	YES	UNKNOWN		COVERAGE-UNKNOWN	[]	 Legal fetch failed: LICENSE; Root text read but no complete recognized grant established; manual review required
pathdiff	0.2.3	registry+https://github.com/rust-lang/crates.io-index	df94ce210e5bc13cb6651479fa48d14f601d9858cfe0467f43ae157023b938d3	YES	UNKNOWN		COVERAGE-UNKNOWN	[]	Exact docs.rs source listing unavailable: Response status code does not indicate success: 429 ().
percent-encoding	2.3.2	registry+https://github.com/rust-lang/crates.io-index	9b4f627cb1b25917193a259e49bdad08f671f8d9708acfd5fe0a8c1455d87220	YES	GRANT-TEXT-VERIFIED	Apache-2.0	APPROVED-WITH-OBLIGATIONS	[{"url":"https://docs.rs/crate/percent-encoding/2.3.2/source/LICENSE-APACHE","sha256":"a60eea817514531668d7e00765731449fe14d059d3249e0bc93b36de45f759f2","bytes":10847,"grant":"Apache-2.0"},{"url":"https://docs.rs/crate/percent-encoding/2.3.2/source/LICENSE-MIT","sha256":"b38f11f6096706e6de553dabe2a7ed142d59b6fa8c97e290c67496154745cdd5","bytes":1072,"grant":"MIT"}]	NONE-RECORDED
petgraph	0.8.3	registry+https://github.com/rust-lang/crates.io-index	8701b58ea97060d5e5b155d383a69952a60943f0e6dfe30b04c287beb0b27455	YES	UNKNOWN		COVERAGE-UNKNOWN	[]	Exact docs.rs source listing unavailable: Response status code does not indicate success: 429 ().
phf	0.14.0	registry+https://github.com/rust-lang/crates.io-index	010378780309880b08997fae13be7834dba947d36393bd372f2b1556deb2a2f6	YES	UNKNOWN		COVERAGE-UNKNOWN	[]	Exact docs.rs source listing unavailable: Response status code does not indicate success: 429 ().
phf_generator	0.14.0	registry+https://github.com/rust-lang/crates.io-index	aeb62e0959d5a1bebc965f4d15d9e2b7cea002b6b0f5ba8cde6cc26738467100	YES	UNKNOWN		COVERAGE-UNKNOWN	[]	Exact docs.rs source listing unavailable: Response status code does not indicate success: 429 ().
phf_macros	0.14.0	registry+https://github.com/rust-lang/crates.io-index	5fa8d0ca26d424d27630da600c6624696e7dec8bf7b3b492b383c5dc49e5e085	YES	GRANT-TEXT-VERIFIED	MIT	APPROVED-WITH-OBLIGATIONS	[{"url":"https://docs.rs/crate/phf_macros/0.14.0/source/LICENSE","sha256":"0ab4d106b6faac07fb6a051815fd1b4d862d730895e2d7d7358c2f13565e7a38","bytes":1099,"grant":"MIT"}]	NONE-RECORDED
phf_shared	0.14.0	registry+https://github.com/rust-lang/crates.io-index	c6fd9027e2d9319be6349febd1db4e8d02aa544921200c9b777720ac34a3aa89	YES	UNKNOWN		COVERAGE-UNKNOWN	[]	Exact docs.rs source listing unavailable: Response status code does not indicate success: 429 ().
pin-project	1.1.13	registry+https://github.com/rust-lang/crates.io-index	2466b2336ed02bcdca6b294417127b90ec92038d1d5c4fbeac971a922e0e0924	YES	UNKNOWN		COVERAGE-UNKNOWN	[]	Exact docs.rs source listing unavailable: Response status code does not indicate success: 429 ().
pin-project-internal	1.1.13	registry+https://github.com/rust-lang/crates.io-index	c96395f0a926bc13b1c17622aaddda1ecb55d49c8f1bf9777e4d877800a43f8b	YES	UNKNOWN		COVERAGE-UNKNOWN	[]	Exact docs.rs source listing unavailable: Response status code does not indicate success: 429 ().
pin-project-lite	0.2.17	registry+https://github.com/rust-lang/crates.io-index	a89322df9ebe1c1578d689c92318e070967d1042b512afbe49518723f4e6d5cd	YES	GRANT-TEXT-VERIFIED	Apache-2.0	APPROVED-WITH-OBLIGATIONS	[{"url":"https://docs.rs/crate/pin-project-lite/0.2.17/source/LICENSE-APACHE","sha256":"0d542e0c8804e39aa7f37eb00da5a762149dc682d7829451287e11b938e94594","bytes":10174,"grant":"Apache-2.0"},{"url":"https://docs.rs/crate/pin-project-lite/0.2.17/source/LICENSE-MIT","sha256":"23f18e03dc49df91622fe2a76176497404e46ced8a715d9d2b67a7446571cca3","bytes":1023,"grant":"MIT"}]	NONE-RECORDED
pnp	0.12.12	registry+https://github.com/rust-lang/crates.io-index	5a0e591607db15df65036bd424bd57782296da9963d823da5a139ed451f615b5	YES	UNKNOWN		COVERAGE-UNKNOWN	[]	Exact docs.rs source listing unavailable: Response status code does not indicate success: 429 ().
postcard	1.1.3	registry+https://github.com/rust-lang/crates.io-index	6764c3b5dd454e283a30e6dfe78e9b31096d9e32036b5d1eaac7a6119ccb9a24	YES	UNKNOWN		COVERAGE-UNKNOWN	[]	Exact docs.rs source listing unavailable: Response status code does not indicate success: 429 ().
prettyplease	0.3.0	registry+https://github.com/rust-lang/crates.io-index	2bfe0f4c752e450fc2faf62654f1c134747922825d5b04ca717b8874f41a40c0	NO	UNKNOWN		COVERAGE-UNKNOWN	[]	Exact docs.rs source listing unavailable: Response status code does not indicate success: 429 ().
proc-macro2	1.0.107	registry+https://github.com/rust-lang/crates.io-index	985e7ec9bb745e6ce6535b544d84d6cd6f7ad8bd711c398938ae983b91a766d9	YES	GRANT-TEXT-VERIFIED	Apache-2.0	APPROVED-WITH-OBLIGATIONS	[{"url":"https://docs.rs/crate/proc-macro2/1.0.107/source/LICENSE-APACHE","sha256":"62c7a1e35f56406896d7aa7ca52d0cc0d272ac022b5d2796e7d6905db8a3636a","bytes":9723,"grant":"Apache-2.0"}]	 Legal fetch failed: LICENSE-MIT;
quote	1.0.47	registry+https://github.com/rust-lang/crates.io-index	1fbf4db142a473a8d80c26bbf18454ed458bf8d26c8219c331daecfdbd079001	YES	GRANT-TEXT-VERIFIED	MIT	APPROVED-WITH-OBLIGATIONS	[{"url":"https://docs.rs/crate/quote/1.0.47/source/LICENSE-MIT","sha256":"23f18e03dc49df91622fe2a76176497404e46ced8a715d9d2b67a7446571cca3","bytes":1023,"grant":"MIT"}]	 Legal fetch failed: LICENSE-APACHE;
r-efi	5.3.0	registry+https://github.com/rust-lang/crates.io-index	69cdb34c158ceb288df11e18b4bd39de994f6657d83847bdffdbd7f346754b0f	YES	UNKNOWN		COVERAGE-UNKNOWN	[]	No root legal file found in exact source listing
r-efi	6.0.0	registry+https://github.com/rust-lang/crates.io-index	f8dcc9c7d52a811697d2151c701e0d08956f92b0e24136cf4cf27b57a6a0d9bf	YES	UNKNOWN		COVERAGE-UNKNOWN	[]	No root legal file found in exact source listing
radix_trie	0.3.0	registry+https://github.com/rust-lang/crates.io-index	3b4431027dcd37fc2a73ef740b5f233aa805897935b8bce0195e41bbf9a3289a	YES	UNKNOWN		COVERAGE-UNKNOWN	[]	Exact docs.rs source listing unavailable: Response status code does not indicate success: 429 ().
rayon	1.12.0	registry+https://github.com/rust-lang/crates.io-index	fb39b166781f92d482534ef4b4b1b2568f42613b53e5b6c160e24cfbfa30926d	YES	GRANT-TEXT-VERIFIED	MIT	APPROVED-WITH-OBLIGATIONS	[{"url":"https://docs.rs/crate/rayon/1.12.0/source/LICENSE-MIT","sha256":"0621878e61f0d0fda054bcbe02df75192c28bde1ecc8289cbd86aeba2dd72720","bytes":1071,"grant":"MIT"}]	 Legal fetch failed: LICENSE-APACHE;
rayon-core	1.13.0	registry+https://github.com/rust-lang/crates.io-index	22e18b0f0062d30d4230b2e85ff77fdfe4326feb054b9783a3460d8435c8ab91	YES	UNKNOWN		COVERAGE-UNKNOWN	[]	Exact docs.rs source listing unavailable: Response status code does not indicate success: 429 ().
redox_syscall	0.5.18	registry+https://github.com/rust-lang/crates.io-index	ed2bf2547551a7053d6fdfafda3f938979645c44812fbfcda098faae3f1a362d	YES	GRANT-TEXT-VERIFIED	MIT	APPROVED-WITH-OBLIGATIONS	[{"url":"https://docs.rs/crate/redox_syscall/0.5.18/source/LICENSE","sha256":"efcfee7981ff72431fffb06925cad00a23dce079ed4354f61030ad5abdb78829","bytes":1076,"grant":"MIT"}]	NONE-RECORDED
ref-cast	1.0.26	registry+https://github.com/rust-lang/crates.io-index	216e8f773d7923bcba9ceb86a86c93cabb3903a11872fc3f138c49630e50b96d	YES	UNKNOWN		COVERAGE-UNKNOWN	[]	 Legal fetch failed: LICENSE-APACHE; Legal fetch failed: LICENSE-MIT; Root text read but no complete recognized grant established; manual review required
ref-cast-impl	1.0.26	registry+https://github.com/rust-lang/crates.io-index	2c9283685feec7d69af75fb0e858d5e7378f33fe4fc699383b2916ab9273e03c	YES	UNKNOWN		COVERAGE-UNKNOWN	[]	Exact docs.rs source listing unavailable: Response status code does not indicate success: 429 ().
referencing	0.56.0	registry+https://github.com/rust-lang/crates.io-index	a3b4a92fac7e28c27de3ad26df2ecb9e652f227b258e845af034052e5b22c96c	YES	UNKNOWN		COVERAGE-UNKNOWN	[]	Exact docs.rs source listing unavailable: Response status code does not indicate success: 429 ().
regex	1.13.1	registry+https://github.com/rust-lang/crates.io-index	f020237b6c8eed93db2e2cb53c00c60a8e1bc73da7d073199a1180401450218d	YES	UNKNOWN		COVERAGE-UNKNOWN	[]	Exact docs.rs source listing unavailable: Response status code does not indicate success: 429 ().
regex-automata	0.4.18	registry+https://github.com/rust-lang/crates.io-index	ad8553b9b26413251cbf30e620595c7a41b3887f03da04579c0e6b0d6a06b4b2	YES	UNKNOWN		COVERAGE-UNKNOWN	[]	 Legal fetch failed: LICENSE-APACHE; Legal fetch failed: LICENSE-MIT; Root text read but no complete recognized grant established; manual review required
regex-syntax	0.8.11	registry+https://github.com/rust-lang/crates.io-index	d6f6ff9a378485b298a5286656da665ba74413d36db0979633275d2e708145d4	YES	UNKNOWN		COVERAGE-UNKNOWN	[]	 Legal fetch failed: LICENSE-APACHE; Legal fetch failed: LICENSE-MIT; Root text read but no complete recognized grant established; manual review required
regress	0.12.0	registry+https://github.com/rust-lang/crates.io-index	32eef8b209c3c1c15dbad02c1f30f9539f00dc7253e0cbcdaae442a50a09d7c1	YES	UNKNOWN		COVERAGE-UNKNOWN	[]	 Legal fetch failed: LICENSE-APACHE; Legal fetch failed: LICENSE-MIT; Root text read but no complete recognized grant established; manual review required
relative-path	1.9.3	registry+https://github.com/rust-lang/crates.io-index	ba39f3699c378cd8970968dcbff9c43159ea4cfbd88d43c00b22f2ef10a435d2	YES	UNKNOWN		COVERAGE-UNKNOWN	[]	Exact docs.rs source listing unavailable: Response status code does not indicate success: 429 ().
rolldown	1.2.11	LOCAL-WORKSPACE		YES	WORKSPACE-SOURCE		PARENT-SOURCE-GRANT-SEPARATE	[]	Local package; exact repository grant is examined separately
rolldown_binding	0.1.0	LOCAL-WORKSPACE		YES	WORKSPACE-SOURCE		PARENT-SOURCE-GRANT-SEPARATE	[]	Local package; exact repository grant is examined separately
rolldown_common	1.2.11	LOCAL-WORKSPACE		YES	WORKSPACE-SOURCE		PARENT-SOURCE-GRANT-SEPARATE	[]	Local package; exact repository grant is examined separately
rolldown_dev	1.2.11	LOCAL-WORKSPACE		YES	WORKSPACE-SOURCE		PARENT-SOURCE-GRANT-SEPARATE	[]	Local package; exact repository grant is examined separately
rolldown_dev_common	1.2.11	LOCAL-WORKSPACE		YES	WORKSPACE-SOURCE		PARENT-SOURCE-GRANT-SEPARATE	[]	Local package; exact repository grant is examined separately
rolldown_devtools	1.2.11	LOCAL-WORKSPACE		YES	WORKSPACE-SOURCE		PARENT-SOURCE-GRANT-SEPARATE	[]	Local package; exact repository grant is examined separately
rolldown_devtools_action	1.2.11	LOCAL-WORKSPACE		YES	WORKSPACE-SOURCE		PARENT-SOURCE-GRANT-SEPARATE	[]	Local package; exact repository grant is examined separately
rolldown_ecmascript	1.2.11	LOCAL-WORKSPACE		YES	WORKSPACE-SOURCE		PARENT-SOURCE-GRANT-SEPARATE	[]	Local package; exact repository grant is examined separately
rolldown_ecmascript_utils	1.2.11	LOCAL-WORKSPACE		YES	WORKSPACE-SOURCE		PARENT-SOURCE-GRANT-SEPARATE	[]	Local package; exact repository grant is examined separately
rolldown_error	1.2.11	LOCAL-WORKSPACE		YES	WORKSPACE-SOURCE		PARENT-SOURCE-GRANT-SEPARATE	[]	Local package; exact repository grant is examined separately
rolldown_fs	1.2.11	LOCAL-WORKSPACE		YES	WORKSPACE-SOURCE		PARENT-SOURCE-GRANT-SEPARATE	[]	Local package; exact repository grant is examined separately
rolldown_fs_watcher	1.2.11	LOCAL-WORKSPACE		YES	WORKSPACE-SOURCE		PARENT-SOURCE-GRANT-SEPARATE	[]	Local package; exact repository grant is examined separately
rolldown_plugin	1.2.11	LOCAL-WORKSPACE		YES	WORKSPACE-SOURCE		PARENT-SOURCE-GRANT-SEPARATE	[]	Local package; exact repository grant is examined separately
rolldown_plugin_asset_module	1.2.11	LOCAL-WORKSPACE		YES	WORKSPACE-SOURCE		PARENT-SOURCE-GRANT-SEPARATE	[]	Local package; exact repository grant is examined separately
rolldown_plugin_bundle_analyzer	1.2.11	LOCAL-WORKSPACE		YES	WORKSPACE-SOURCE		PARENT-SOURCE-GRANT-SEPARATE	[]	Local package; exact repository grant is examined separately
rolldown_plugin_chunk_import_map	1.2.11	LOCAL-WORKSPACE		YES	WORKSPACE-SOURCE		PARENT-SOURCE-GRANT-SEPARATE	[]	Local package; exact repository grant is examined separately
rolldown_plugin_copy_module	1.2.11	LOCAL-WORKSPACE		YES	WORKSPACE-SOURCE		PARENT-SOURCE-GRANT-SEPARATE	[]	Local package; exact repository grant is examined separately
rolldown_plugin_data_url	1.2.11	LOCAL-WORKSPACE		YES	WORKSPACE-SOURCE		PARENT-SOURCE-GRANT-SEPARATE	[]	Local package; exact repository grant is examined separately
rolldown_plugin_esm_external_require	1.2.11	LOCAL-WORKSPACE		YES	WORKSPACE-SOURCE		PARENT-SOURCE-GRANT-SEPARATE	[]	Local package; exact repository grant is examined separately
rolldown_plugin_hmr	1.2.11	LOCAL-WORKSPACE		YES	WORKSPACE-SOURCE		PARENT-SOURCE-GRANT-SEPARATE	[]	Local package; exact repository grant is examined separately
rolldown_plugin_isolated_declaration	1.2.11	LOCAL-WORKSPACE		YES	WORKSPACE-SOURCE		PARENT-SOURCE-GRANT-SEPARATE	[]	Local package; exact repository grant is examined separately
rolldown_plugin_lazy_compilation	1.2.11	LOCAL-WORKSPACE		YES	WORKSPACE-SOURCE		PARENT-SOURCE-GRANT-SEPARATE	[]	Local package; exact repository grant is examined separately
rolldown_plugin_oxc_runtime	1.2.11	LOCAL-WORKSPACE		YES	WORKSPACE-SOURCE		PARENT-SOURCE-GRANT-SEPARATE	[]	Local package; exact repository grant is examined separately
rolldown_plugin_replace	1.2.11	LOCAL-WORKSPACE		YES	WORKSPACE-SOURCE		PARENT-SOURCE-GRANT-SEPARATE	[]	Local package; exact repository grant is examined separately
rolldown_plugin_utils	1.2.11	LOCAL-WORKSPACE		YES	WORKSPACE-SOURCE		PARENT-SOURCE-GRANT-SEPARATE	[]	Local package; exact repository grant is examined separately
rolldown_plugin_vite_alias	0.1.0	LOCAL-WORKSPACE		YES	WORKSPACE-SOURCE		PARENT-SOURCE-GRANT-SEPARATE	[]	Local package; exact repository grant is examined separately
rolldown_plugin_vite_build_import_analysis	0.1.0	LOCAL-WORKSPACE		YES	WORKSPACE-SOURCE		PARENT-SOURCE-GRANT-SEPARATE	[]	Local package; exact repository grant is examined separately
rolldown_plugin_vite_dynamic_import_vars	0.1.0	LOCAL-WORKSPACE		YES	WORKSPACE-SOURCE		PARENT-SOURCE-GRANT-SEPARATE	[]	Local package; exact repository grant is examined separately
rolldown_plugin_vite_import_glob	0.1.0	LOCAL-WORKSPACE		YES	WORKSPACE-SOURCE		PARENT-SOURCE-GRANT-SEPARATE	[]	Local package; exact repository grant is examined separately
rolldown_plugin_vite_json	0.1.0	LOCAL-WORKSPACE		YES	WORKSPACE-SOURCE		PARENT-SOURCE-GRANT-SEPARATE	[]	Local package; exact repository grant is examined separately
rolldown_plugin_vite_load_fallback	0.1.0	LOCAL-WORKSPACE		YES	WORKSPACE-SOURCE		PARENT-SOURCE-GRANT-SEPARATE	[]	Local package; exact repository grant is examined separately
rolldown_plugin_vite_manifest	0.1.0	LOCAL-WORKSPACE		YES	WORKSPACE-SOURCE		PARENT-SOURCE-GRANT-SEPARATE	[]	Local package; exact repository grant is examined separately
rolldown_plugin_vite_module_preload_polyfill	0.1.0	LOCAL-WORKSPACE		YES	WORKSPACE-SOURCE		PARENT-SOURCE-GRANT-SEPARATE	[]	Local package; exact repository grant is examined separately
rolldown_plugin_vite_react_refresh_wrapper	0.1.0	LOCAL-WORKSPACE		YES	WORKSPACE-SOURCE		PARENT-SOURCE-GRANT-SEPARATE	[]	Local package; exact repository grant is examined separately
rolldown_plugin_vite_reporter	0.1.0	LOCAL-WORKSPACE		YES	WORKSPACE-SOURCE		PARENT-SOURCE-GRANT-SEPARATE	[]	Local package; exact repository grant is examined separately
rolldown_plugin_vite_resolve	1.2.11	LOCAL-WORKSPACE		YES	WORKSPACE-SOURCE		PARENT-SOURCE-GRANT-SEPARATE	[]	Local package; exact repository grant is examined separately
rolldown_plugin_vite_transform	0.1.0	LOCAL-WORKSPACE		YES	WORKSPACE-SOURCE		PARENT-SOURCE-GRANT-SEPARATE	[]	Local package; exact repository grant is examined separately
rolldown_plugin_vite_web_worker_post	0.1.0	LOCAL-WORKSPACE		YES	WORKSPACE-SOURCE		PARENT-SOURCE-GRANT-SEPARATE	[]	Local package; exact repository grant is examined separately
rolldown_resolver	1.2.11	LOCAL-WORKSPACE		YES	WORKSPACE-SOURCE		PARENT-SOURCE-GRANT-SEPARATE	[]	Local package; exact repository grant is examined separately
rolldown_sourcemap	1.2.11	LOCAL-WORKSPACE		YES	WORKSPACE-SOURCE		PARENT-SOURCE-GRANT-SEPARATE	[]	Local package; exact repository grant is examined separately
rolldown_std_utils	1.2.11	LOCAL-WORKSPACE		YES	WORKSPACE-SOURCE		PARENT-SOURCE-GRANT-SEPARATE	[]	Local package; exact repository grant is examined separately
rolldown_testing	0.1.0	LOCAL-WORKSPACE		YES	WORKSPACE-SOURCE		PARENT-SOURCE-GRANT-SEPARATE	[]	Local package; exact repository grant is examined separately
rolldown_testing_config	0.1.0	LOCAL-WORKSPACE		YES	WORKSPACE-SOURCE		PARENT-SOURCE-GRANT-SEPARATE	[]	Local package; exact repository grant is examined separately
rolldown_tracing	1.2.11	LOCAL-WORKSPACE		YES	WORKSPACE-SOURCE		PARENT-SOURCE-GRANT-SEPARATE	[]	Local package; exact repository grant is examined separately
rolldown_tracking_allocator	0.0.1	LOCAL-WORKSPACE		YES	WORKSPACE-SOURCE		PARENT-SOURCE-GRANT-SEPARATE	[]	Local package; exact repository grant is examined separately
rolldown_utils	1.2.11	LOCAL-WORKSPACE		YES	WORKSPACE-SOURCE		PARENT-SOURCE-GRANT-SEPARATE	[]	Local package; exact repository grant is examined separately
rolldown_watcher	1.2.11	LOCAL-WORKSPACE		YES	WORKSPACE-SOURCE		PARENT-SOURCE-GRANT-SEPARATE	[]	Local package; exact repository grant is examined separately
rolldown_workspace	1.2.11	LOCAL-WORKSPACE		YES	WORKSPACE-SOURCE		PARENT-SOURCE-GRANT-SEPARATE	[]	Local package; exact repository grant is examined separately
rolldown-ariadne	0.6.0	registry+https://github.com/rust-lang/crates.io-index	ee296fe9ac0007f2c0eff04d55c980de537aa3d736e873d70c9c47d4c737ea44	YES	UNKNOWN		COVERAGE-UNKNOWN	[]	 Legal fetch failed: LICENSE; Root text read but no complete recognized grant established; manual review required
rolldown-file-id	0.2.10	registry+https://github.com/rust-lang/crates.io-index	62966a34acc45ec51dbdfa29a3641e30ae9ee22cd195756a55729050776e38a4	YES	UNKNOWN		COVERAGE-UNKNOWN	[]	Exact docs.rs source listing unavailable: Response status code does not indicate success: 429 ().
rolldown-notify	10.5.1	registry+https://github.com/rust-lang/crates.io-index	e233e1c24e0f4d8dc82251f9196c03f7c77fba9a5ca45e64c2fc96a57726de99	YES	UNKNOWN		COVERAGE-UNKNOWN	[]	Exact docs.rs source listing unavailable: Response status code does not indicate success: 429 ().
rolldown-notify-debouncer-full	0.7.11	registry+https://github.com/rust-lang/crates.io-index	ce455a17f7f338a23bfc92cf9ee9b7ed93fbdb646ef096da60cfd6fc9f68d3b1	YES	UNKNOWN		COVERAGE-UNKNOWN	[]	 Legal fetch failed: LICENSE-APACHE; Legal fetch failed: LICENSE-MIT; Root text read but no complete recognized grant established; manual review required
rolldown-notify-types	2.0.2	registry+https://github.com/rust-lang/crates.io-index	1931923a28e14c01a27ca56669669eb3e3de4068859c34e17b96c93ba3a61afe	YES	UNKNOWN		COVERAGE-UNKNOWN	[]	Exact docs.rs source listing unavailable: Response status code does not indicate success: 429 ().
ropey	1.6.1	registry+https://github.com/rust-lang/crates.io-index	93411e420bcd1a75ddd1dc3caf18c23155eda2c090631a85af21ba19e97093b5	YES	UNKNOWN		COVERAGE-UNKNOWN	[]	Exact docs.rs source listing unavailable: Response status code does not indicate success: 429 ().
rustc_version	0.4.1	registry+https://github.com/rust-lang/crates.io-index	cfcb3a22ef46e85b45de6ee7e79d063319ebb6594faafcf1c225ea92ab6e9b92	YES	GRANT-TEXT-VERIFIED	Apache-2.0	APPROVED-WITH-OBLIGATIONS	[{"url":"https://docs.rs/crate/rustc_version/0.4.1/source/LICENSE-APACHE","sha256":"a60eea817514531668d7e00765731449fe14d059d3249e0bc93b36de45f759f2","bytes":10847,"grant":"Apache-2.0"},{"url":"https://docs.rs/crate/rustc_version/0.4.1/source/LICENSE-MIT","sha256":"c9a75f18b9ab2927829a208fc6aa2cf4e63b8420887ba29cdb265d6619ae82d5","bytes":1071,"grant":"MIT"}]	NONE-RECORDED
rustc-hash	2.1.3	registry+https://github.com/rust-lang/crates.io-index	6b1e7f9a428571be2dc5bc0505c13fb6bf936822b894ec87abf8a08a4e51742d	YES	GRANT-TEXT-VERIFIED	Apache-2.0	APPROVED-WITH-OBLIGATIONS	[{"url":"https://docs.rs/crate/rustc-hash/2.1.3/source/LICENSE-APACHE","sha256":"95bd3988beee069fa2848f648dab43cc6e0b2add2ad6bcb17360caf749802bcc","bytes":9722,"grant":"Apache-2.0"}]	 Legal fetch failed: LICENSE-MIT;
rustix	1.1.4	registry+https://github.com/rust-lang/crates.io-index	b6fe4565b9518b83ef4f91bb47ce29620ca828bd32cb7e408f0062e9930ba190	YES	UNKNOWN		COVERAGE-UNKNOWN	[{"url":"https://docs.rs/crate/rustix/1.1.4/source/COPYRIGHT","sha256":"377c2e7c53250cc5905c0b0532d35973392af16ffb9596a41d99d202cf3617c9","bytes":853,"grant":""}]	 Legal fetch failed: LICENSE-APACHE; Legal fetch failed: LICENSE-Apache-2.0_WITH_LLVM-exception; Legal fetch failed: LICENSE-MIT; Root text read but no complete recognized grant established; manual review required
rustversion	1.0.23	registry+https://github.com/rust-lang/crates.io-index	cf54715a573b99ac80df0bc206da022bcd442c974952c7b9720069370852e21f	YES	UNKNOWN		COVERAGE-UNKNOWN	[]	Exact docs.rs source listing unavailable: Response status code does not indicate success: 429 ().
ryu	1.0.23	registry+https://github.com/rust-lang/crates.io-index	9774ba4a74de5f7b1c1451ed6cd5285a32eddb5cccb8cc655a4e50009e06477f	YES	UNKNOWN		COVERAGE-UNKNOWN	[]	Exact docs.rs source listing unavailable: Response status code does not indicate success: 429 ().
same-file	1.0.6	registry+https://github.com/rust-lang/crates.io-index	93fc1dc3aaa9bfed95e02e6eadabb4baf7e3078b0bd1b4d7b6b0b68378900502	YES	UNKNOWN		COVERAGE-UNKNOWN	[]	Exact docs.rs source listing unavailable: Response status code does not indicate success: 429 ().
schemars	1.2.2	registry+https://github.com/rust-lang/crates.io-index	687274d293b6cdc6e73e0fee520bf2049650090d7164f87672d212a3c530cf4a	YES	UNKNOWN		COVERAGE-UNKNOWN	[]	Exact docs.rs source listing unavailable: Response status code does not indicate success: 429 ().
schemars_derive	1.2.2	registry+https://github.com/rust-lang/crates.io-index	d98c67716b46af2f0b8cf752abc930f6f9aecfbf671ecfb531db8a31dbe4e2ba	YES	UNKNOWN		COVERAGE-UNKNOWN	[]	Exact docs.rs source listing unavailable: Response status code does not indicate success: 429 ().
scopeguard	1.2.0	registry+https://github.com/rust-lang/crates.io-index	94143f37725109f92c262ed2cf5e59bce7498c01bcc1502d7b9afe439a4e9f49	YES	UNKNOWN		COVERAGE-UNKNOWN	[]	Exact docs.rs source listing unavailable: Response status code does not indicate success: 429 ().
self_cell	1.3.0	registry+https://github.com/rust-lang/crates.io-index	2ab42ca02749e120097e328d91d415325bdf43b1c72c4c8badf37375fe40a813	YES	UNKNOWN		COVERAGE-UNKNOWN	[]	Exact docs.rs source listing unavailable: Response status code does not indicate success: 429 ().
semver	1.0.28	registry+https://github.com/rust-lang/crates.io-index	8a7852d02fc848982e0c167ef163aaff9cd91dc640ba85e263cb1ce46fae51cd	YES	UNKNOWN		COVERAGE-UNKNOWN	[]	Exact docs.rs source listing unavailable: Response status code does not indicate success: 429 ().
seq-macro	0.3.6	registry+https://github.com/rust-lang/crates.io-index	1bc711410fbe7399f390ca1c3b60ad0f53f80e95c5eb935e52268a0e2cd49acc	YES	UNKNOWN		COVERAGE-UNKNOWN	[]	 Legal fetch failed: LICENSE-APACHE; Legal fetch failed: LICENSE-MIT; Root text read but no complete recognized grant established; manual review required
serde	1.0.229	registry+https://github.com/rust-lang/crates.io-index	4148590afebada386688f18773da617792bf2ef03ffc1e4cbd2b1d45b023e0ba	YES	UNKNOWN		COVERAGE-UNKNOWN	[]	Exact docs.rs source listing unavailable: Response status code does not indicate success: 429 ().
serde_core	1.0.229	registry+https://github.com/rust-lang/crates.io-index	67dca2c9c51e58a4791a4b1ed58308b39c64224d349a935ab5039aa360942a48	YES	UNKNOWN		COVERAGE-UNKNOWN	[]	 Legal fetch failed: LICENSE-APACHE; Legal fetch failed: LICENSE-MIT; Root text read but no complete recognized grant established; manual review required
serde_derive	1.0.229	registry+https://github.com/rust-lang/crates.io-index	e7a5d71263a5a7d47b41f6b3f06ba276f10cc18b0931f1799f710578e2309348	YES	UNKNOWN		COVERAGE-UNKNOWN	[]	Exact docs.rs source listing unavailable: Response status code does not indicate success: 429 ().
serde_derive_internals	0.30.0	registry+https://github.com/rust-lang/crates.io-index	f852137cce035d6a4df67ccce505ff6b3e9fd3a10e3e52b24dc71e650bb1a9bd	YES	UNKNOWN		COVERAGE-UNKNOWN	[]	Exact docs.rs source listing unavailable: Response status code does not indicate success: 429 ().
serde_json	1.0.151	registry+https://github.com/rust-lang/crates.io-index	c841b55ecdae098c80dcae9cf767f6f8a0c2cdb3416bbef72181df4d0fe73f14	YES	UNKNOWN		COVERAGE-UNKNOWN	[]	Exact docs.rs source listing unavailable: Response status code does not indicate success: 429 ().
serde_yaml	0.9.34+deprecated	registry+https://github.com/rust-lang/crates.io-index	6a8b1a1a2ebf674015cc02edccce75287f1a0130d394307b36743c2f5d504b47	YES	UNKNOWN		COVERAGE-UNKNOWN	[]	Exact docs.rs source listing unavailable: Response status code does not indicate success: 429 ().
sharded-slab	0.1.7	registry+https://github.com/rust-lang/crates.io-index	f40ca3c46823713e0d4209592e8d6e826aa57e928f09752619fc696c499637f6	YES	UNKNOWN		COVERAGE-UNKNOWN	[]	Exact docs.rs source listing unavailable: Response status code does not indicate success: 429 ().
shlex	2.0.1	registry+https://github.com/rust-lang/crates.io-index	f8fadd59c855ef2080decdef8ff161eb6661b86933c9d82e5ba29dc602a55aba	YES	UNKNOWN		COVERAGE-UNKNOWN	[]	Exact docs.rs source listing unavailable: Response status code does not indicate success: 429 ().
signal-hook-registry	1.4.8	registry+https://github.com/rust-lang/crates.io-index	c4db69cba1110affc0e9f7bcd48bbf87b3f4fc7c61fc9155afd4c469eb3d6c1b	YES	UNKNOWN		COVERAGE-UNKNOWN	[]	Exact docs.rs source listing unavailable: Response status code does not indicate success: 429 ().
simd-adler32	0.3.10	registry+https://github.com/rust-lang/crates.io-index	3a219298ac11a56ea9a6d2120044824d6f01aeb034955e7af7bc16858527deea	YES	UNKNOWN		COVERAGE-UNKNOWN	[]	Exact docs.rs source listing unavailable: Response status code does not indicate success: 429 ().
simd-json	0.18.1	registry+https://github.com/rust-lang/crates.io-index	6ebe141eb4a23ecc4d5de93fa5b139ac65dc07c38037a2fe9a8fb7c9d36bd832	YES	UNKNOWN		COVERAGE-UNKNOWN	[]	Exact docs.rs source listing unavailable: Response status code does not indicate success: 429 ().
simdutf8	0.1.5	registry+https://github.com/rust-lang/crates.io-index	e3a9fe34e3e7a50316060351f37187a3f546bce95496156754b601a5fa71b76e	YES	UNKNOWN		COVERAGE-UNKNOWN	[]	Exact docs.rs source listing unavailable: Response status code does not indicate success: 429 ().
similar	2.7.0	registry+https://github.com/rust-lang/crates.io-index	bbbb5d9659141646ae647b42fe094daf6c6192d1620870b449d9557f748b2daa	YES	UNKNOWN		COVERAGE-UNKNOWN	[]	Exact docs.rs source listing unavailable: Response status code does not indicate success: 429 ().
siphasher	1.0.3	registry+https://github.com/rust-lang/crates.io-index	8ee5873ec9cce0195efcb7a4e9507a04cd49aec9c83d0389df45b1ef7ba2e649	YES	UNKNOWN		COVERAGE-UNKNOWN	[]	 Legal fetch failed: COPYING; Root text read but no complete recognized grant established; manual review required
slab	0.4.12	registry+https://github.com/rust-lang/crates.io-index	0c790de23124f9ab44544d7ac05d60440adc586479ce501c1d6d7da3cd8c9cf5	YES	UNKNOWN		COVERAGE-UNKNOWN	[]	Exact docs.rs source listing unavailable: Response status code does not indicate success: 429 ().
smallvec	1.16.1	registry+https://github.com/rust-lang/crates.io-index	ba467056f1b547ed52077911161fc86985becbc60e8e1857c8a144dab0def891	YES	UNKNOWN		COVERAGE-UNKNOWN	[]	Exact docs.rs source listing unavailable: Response status code does not indicate success: 429 ().
smawk	0.3.3	registry+https://github.com/rust-lang/crates.io-index	e8e2fb0f499abb4d162f2bedad68f5ef91a1682b5a03596ddb67efd37768d100	YES	UNKNOWN		COVERAGE-UNKNOWN	[]	Exact docs.rs source listing unavailable: Response status code does not indicate success: 429 ().
static_assertions	1.1.0	registry+https://github.com/rust-lang/crates.io-index	a2eb9349b6444b326872e140eb1cf5e7c522154d69e7a0ffb0fb81c06b37543f	YES	UNKNOWN		COVERAGE-UNKNOWN	[{"url":"https://docs.rs/crate/static_assertions/1.1.0/source/LICENSE-MIT","sha256":"ea084a2373ebc1f0902c09266e7bf25a05ab3814c1805bb017ffa7308f90c061","bytes":1072,"grant":""}]	 Legal fetch failed: LICENSE-APACHE; Root text read but no complete recognized grant established; manual review required
statrs	0.18.0	registry+https://github.com/rust-lang/crates.io-index	2a3fe7c28c6512e766b0874335db33c94ad7b8f9054228ae1c2abd47ce7d335e	YES	UNKNOWN		COVERAGE-UNKNOWN	[]	 Legal fetch failed: LICENSE.md; Root text read but no complete recognized grant established; manual review required
str_indices	0.4.4	registry+https://github.com/rust-lang/crates.io-index	d08889ec5408683408db66ad89e0e1f93dff55c73a4ccc71c427d5b277ee47e6	YES	UNKNOWN		COVERAGE-UNKNOWN	[]	Exact docs.rs source listing unavailable: Response status code does not indicate success: 429 ().
string_wizard	1.2.11	LOCAL-WORKSPACE		YES	WORKSPACE-SOURCE		PARENT-SOURCE-GRANT-SEPARATE	[]	Local package; exact repository grant is examined separately
strum	0.28.0	registry+https://github.com/rust-lang/crates.io-index	9628de9b8791db39ceda2b119bbe13134770b56c138ec1d3af810d045c04f9bd	YES	UNKNOWN		COVERAGE-UNKNOWN	[]	Exact docs.rs source listing unavailable: Response status code does not indicate success: 429 ().
strum_macros	0.28.0	registry+https://github.com/rust-lang/crates.io-index	ab85eea0270ee17587ed4156089e10b9e6880ee688791d45a905f5b1ca36f664	YES	UNKNOWN		COVERAGE-UNKNOWN	[]	Exact docs.rs source listing unavailable: Response status code does not indicate success: 429 ().
sugar_path	3.0.0	registry+https://github.com/rust-lang/crates.io-index	b75b52e25042df94d848c33b7048a6726e728fa649c561c7510784ed11c1ffd2	YES	UNKNOWN		COVERAGE-UNKNOWN	[{"url":"https://docs.rs/crate/sugar_path/3.0.0/source/LICENSE","sha256":"9540b70e808d1a8ff7210fad6fcc4d78757added54969e5af3b5361b7e2a6254","bytes":1065,"grant":""}]	 Root text read but no complete recognized grant established; manual review required
supports-color	3.0.2	registry+https://github.com/rust-lang/crates.io-index	c64fc7232dd8d2e4ac5ce4ef302b1d81e0b80d055b9d77c7c4f51f6aa4c867d6	YES	UNKNOWN		COVERAGE-UNKNOWN	[]	Exact docs.rs source listing unavailable: Response status code does not indicate success: 429 ().
syn	2.0.119	registry+https://github.com/rust-lang/crates.io-index	872831b642d1a07999a962a351ed35b955ea2cfc8f3862091e2a240a84f17297	YES	UNKNOWN		COVERAGE-UNKNOWN	[]	Exact docs.rs source listing unavailable: Response status code does not indicate success: 429 ().
syn	3.0.6	registry+https://github.com/rust-lang/crates.io-index	8593e8e72159ed2257d083c7a454a85cbf854f37a0966d8d483aff8c8a3ebcee	YES	UNKNOWN		COVERAGE-UNKNOWN	[]	 Legal fetch failed: LICENSE-APACHE; Legal fetch failed: LICENSE-MIT; Root text read but no complete recognized grant established; manual review required
tempfile	3.27.0	registry+https://github.com/rust-lang/crates.io-index	32497e9a4c7b38532efcdebeef879707aa9f794296a4f0244f6f69e9bc8574bd	YES	UNKNOWN		COVERAGE-UNKNOWN	[]	Exact docs.rs source listing unavailable: Response status code does not indicate success: 429 ().
termcolor	1.4.1	registry+https://github.com/rust-lang/crates.io-index	06794f8f6c5c898b3275aebefa6b8a1cb24cd2c6c79397ab15774837a0bc5755	YES	UNKNOWN		COVERAGE-UNKNOWN	[]	Exact docs.rs source listing unavailable: Response status code does not indicate success: 429 ().
terminal_size	0.4.4	registry+https://github.com/rust-lang/crates.io-index	230a1b821ccbd75b185820a1f1ff7b14d21da1e442e22c0863ea5f08771a8874	YES	UNKNOWN		COVERAGE-UNKNOWN	[]	 Legal fetch failed: LICENSE-APACHE; Legal fetch failed: LICENSE-MIT; Root text read but no complete recognized grant established; manual review required
testing_macros	1.0.2	registry+https://github.com/rust-lang/crates.io-index	5c21fb13b703fb0bf466ec891704055ec18e2a8c8d2d47c31b65d7006044e146	YES	UNKNOWN		COVERAGE-UNKNOWN	[]	Exact docs.rs source listing unavailable: Response status code does not indicate success: 429 ().
textwrap	0.16.2	registry+https://github.com/rust-lang/crates.io-index	c13547615a44dc9c452a8a534638acdf07120d4b6847c8178705da06306a3057	YES	UNKNOWN		COVERAGE-UNKNOWN	[]	Exact docs.rs source listing unavailable: Response status code does not indicate success: 429 ().
thiserror	2.0.19	registry+https://github.com/rust-lang/crates.io-index	09a43598840e33d5b0331f38c5e30d13bb11c11210a4b58f0d9b18a5a5eefcd9	YES	UNKNOWN		COVERAGE-UNKNOWN	[]	Exact docs.rs source listing unavailable: Response status code does not indicate success: 429 ().
thiserror-impl	2.0.19	registry+https://github.com/rust-lang/crates.io-index	43cbfe0cf76104d42a574802844187e84a305e531ed54455f11fbde0f10541cd	YES	UNKNOWN		COVERAGE-UNKNOWN	[]	Exact docs.rs source listing unavailable: Response status code does not indicate success: 429 ().
thread_local	1.1.10	registry+https://github.com/rust-lang/crates.io-index	1ad99c4c6d32803332c548b1af0540b357b3f5fc0be8f6c6bfe8b2e6ae784070	YES	UNKNOWN		COVERAGE-UNKNOWN	[]	Exact docs.rs source listing unavailable: Response status code does not indicate success: 429 ().
tokio	1.53.1	registry+https://github.com/rust-lang/crates.io-index	202caea871b69668250d242070849eb495be178ed697a3e98aebce5bc81a0bed	YES	UNKNOWN		COVERAGE-UNKNOWN	[]	 Legal fetch failed: LICENSE; Root text read but no complete recognized grant established; manual review required
tokio-macros	2.7.1	registry+https://github.com/rust-lang/crates.io-index	6328af13490e73a9b4694030fafd93f8c8c6a9dede33e821c3fc63eddf8042ba	YES	UNKNOWN		COVERAGE-UNKNOWN	[]	Exact docs.rs source listing unavailable: Response status code does not indicate success: 429 ().
tracing	0.1.44	registry+https://github.com/rust-lang/crates.io-index	63e71662fa4b2a2c3a26f570f037eb95bb1f85397f3cd8076caed2f026a6d100	YES	UNKNOWN		COVERAGE-UNKNOWN	[]	Exact docs.rs source listing unavailable: Response status code does not indicate success: 429 ().
tracing-attributes	0.1.31	registry+https://github.com/rust-lang/crates.io-index	7490cfa5ec963746568740651ac6781f701c9c5ea257c58e057f3ba8cf69e8da	YES	UNKNOWN		COVERAGE-UNKNOWN	[]	Exact docs.rs source listing unavailable: Response status code does not indicate success: 429 ().
tracing-chrome	0.7.2	registry+https://github.com/rust-lang/crates.io-index	bf0a738ed5d6450a9fb96e86a23ad808de2b727fd1394585da5cdd6788ffe724	YES	UNKNOWN		COVERAGE-UNKNOWN	[]	Exact docs.rs source listing unavailable: Response status code does not indicate success: 429 ().
tracing-core	0.1.36	registry+https://github.com/rust-lang/crates.io-index	db97caf9d906fbde555dd62fa95ddba9eecfd14cb388e4f491a66d74cd5fb79a	YES	UNKNOWN		COVERAGE-UNKNOWN	[]	 Legal fetch failed: LICENSE; Root text read but no complete recognized grant established; manual review required
tracing-log	0.2.0	registry+https://github.com/rust-lang/crates.io-index	ee855f1f400bd0e5c02d150ae5de3840039a3f54b025156404e34c23c03f47c3	YES	UNKNOWN		COVERAGE-UNKNOWN	[]	Exact docs.rs source listing unavailable: Response status code does not indicate success: 429 ().
tracing-serde	0.2.0	registry+https://github.com/rust-lang/crates.io-index	704b1aeb7be0d0a84fc9828cae51dab5970fee5088f83d1dd7ee6f6246fc6ff1	YES	UNKNOWN		COVERAGE-UNKNOWN	[]	Exact docs.rs source listing unavailable: Response status code does not indicate success: 429 ().
tracing-subscriber	0.3.23	registry+https://github.com/rust-lang/crates.io-index	cb7f578e5945fb242538965c2d0b04418d38ec25c79d160cd279bf0731c8d319	YES	UNKNOWN		COVERAGE-UNKNOWN	[]	 Legal fetch failed: LICENSE; Root text read but no complete recognized grant established; manual review required
track_memory_allocations	0.0.0	LOCAL-WORKSPACE		NO	WORKSPACE-SOURCE		PARENT-SOURCE-GRANT-SEPARATE	[]	Local package; exact repository grant is examined separately
ts-rs	12.0.1	registry+https://github.com/rust-lang/crates.io-index	756050066659291d47a554a9f558125db17428b073c5ffce1daf5dcb0f7231d8	YES	UNKNOWN		COVERAGE-UNKNOWN	[]	No root legal file found in exact source listing
ts-rs-macros	12.0.1	registry+https://github.com/rust-lang/crates.io-index	38d90eea51bc7988ef9e674bf80a85ba6804739e535e9cab48e4bb34a8b652aa	YES	UNKNOWN		COVERAGE-UNKNOWN	[]	Exact docs.rs source listing unavailable: Response status code does not indicate success: 429 ().
typedmap	0.6.0	registry+https://github.com/rust-lang/crates.io-index	63278e72ed4f207eb3216c944cbafb35bdb656d2eab97ef73c0c165a1cd3e319	YES	UNKNOWN		COVERAGE-UNKNOWN	[]	No root legal file found in exact source listing
unicode-general-category	1.1.0	registry+https://github.com/rust-lang/crates.io-index	0b993bddc193ae5bd0d623b49ec06ac3e9312875fdae725a975c51db1cc1677f	YES	UNKNOWN		COVERAGE-UNKNOWN	[]	Exact docs.rs source listing unavailable: Response status code does not indicate success: 429 ().
unicode-id-start	1.4.0	registry+https://github.com/rust-lang/crates.io-index	81b79ad29b5e19de4260020f8919b443b2ef0277d242ce532ec7b7a2cc8b6007	YES	UNKNOWN		COVERAGE-UNKNOWN	[]	Exact docs.rs source listing unavailable: Response status code does not indicate success: 429 ().
unicode-ident	1.0.24	registry+https://github.com/rust-lang/crates.io-index	e6e4313cd5fcd3dad5cafa179702e2b244f760991f45397d14d4ebf38247da75	YES	UNKNOWN		COVERAGE-UNKNOWN	[]	Exact docs.rs source listing unavailable: Response status code does not indicate success: 429 ().
unicode-linebreak	0.1.5	registry+https://github.com/rust-lang/crates.io-index	3b09c83c3c29d37506a3e260c08c03743a6bb66a9cd432c6934ab501a190571f	YES	UNKNOWN		COVERAGE-UNKNOWN	[]	Exact docs.rs source listing unavailable: Response status code does not indicate success: 429 ().
unicode-segmentation	1.13.3	registry+https://github.com/rust-lang/crates.io-index	c6f5d3c3b1bf09027a88a6bc961fc00497d651009560b5463668dc81b0fa87a8	YES	UNKNOWN		COVERAGE-UNKNOWN	[{"url":"https://docs.rs/crate/unicode-segmentation/1.13.3/source/COPYRIGHT","sha256":"23860c2a7b5d96b21569afedf033469bab9fe14a1b24a35068b8641c578ce24d","bytes":321,"grant":""}]	 Legal fetch failed: LICENSE-APACHE; Legal fetch failed: LICENSE-MIT; Root text read but no complete recognized grant established; manual review required
unicode-width	0.2.2	registry+https://github.com/rust-lang/crates.io-index	b4ac048d71ede7ee76d585517add45da530660ef4390e49b098733c6e897f254	YES	UNKNOWN		COVERAGE-UNKNOWN	[{"url":"https://docs.rs/crate/unicode-width/0.2.2/source/COPYRIGHT","sha256":"23860c2a7b5d96b21569afedf033469bab9fe14a1b24a35068b8641c578ce24d","bytes":321,"grant":""}]	 Legal fetch failed: LICENSE-APACHE; Legal fetch failed: LICENSE-MIT; Root text read but no complete recognized grant established; manual review required
unicode-xid	0.2.6	registry+https://github.com/rust-lang/crates.io-index	ebc1c04c71510c7f702b52b7c350734c9ff1295c464a03335b00bb84fc54f853	YES	UNKNOWN		COVERAGE-UNKNOWN	[]	Exact docs.rs source listing unavailable: Response status code does not indicate success: 429 ().
unsafe-libyaml	0.2.11	registry+https://github.com/rust-lang/crates.io-index	673aac59facbab8a9007c7f6108d11f63b603f7cabff99fabf650fea5c32b861	YES	UNKNOWN		COVERAGE-UNKNOWN	[]	Exact docs.rs source listing unavailable: Response status code does not indicate success: 429 ().
url	2.5.8	registry+https://github.com/rust-lang/crates.io-index	ff67a8a4397373c3ef660812acab3268222035010ab8680ec4215f38ba3d0eed	YES	UNKNOWN		COVERAGE-UNKNOWN	[]	Exact docs.rs source listing unavailable: Response status code does not indicate success: 429 ().
utf8_iter	1.0.4	registry+https://github.com/rust-lang/crates.io-index	b6c140620e7ffbb22c2dee59cafe6084a59b5ffc27a8859a5f0d494b5d52b6be	YES	UNKNOWN		COVERAGE-UNKNOWN	[]	Exact docs.rs source listing unavailable: Response status code does not indicate success: 429 ().
uuid	1.26.1	registry+https://github.com/rust-lang/crates.io-index	2ef6dac1e96601b4fb3acccccff2139741fcb757cb9a36089bf5be91cfb285ce	YES	UNKNOWN		COVERAGE-UNKNOWN	[]	Exact docs.rs source listing unavailable: Response status code does not indicate success: 429 ().
uuid-simd	0.8.0	registry+https://github.com/rust-lang/crates.io-index	23b082222b4f6619906941c17eb2297fff4c2fb96cb60164170522942a200bd8	YES	UNKNOWN		COVERAGE-UNKNOWN	[]	Exact docs.rs source listing unavailable: Response status code does not indicate success: 429 ().
valuable	0.1.1	registry+https://github.com/rust-lang/crates.io-index	ba73ea9cf16a25df0c8caa16c51acb937d5712a8429db78a3ee29d5dcacd3a65	YES	UNKNOWN		COVERAGE-UNKNOWN	[]	Exact docs.rs source listing unavailable: Response status code does not indicate success: 429 ().
value-trait	0.12.2	registry+https://github.com/rust-lang/crates.io-index	f3f4b4a98dfe54bc9ed3641af7ffcb837240269627dbd5cb047d13daa39736cc	YES	UNKNOWN		COVERAGE-UNKNOWN	[]	 Legal fetch failed: LICENSE-APACHE; Legal fetch failed: LICENSE-MIT; Root text read but no complete recognized grant established; manual review required
version_check	0.9.5	registry+https://github.com/rust-lang/crates.io-index	0b928f33d975fc6ad9f86c8f283853ad26bdd5b10b7f1542aa2fa15e2289105a	YES	UNKNOWN		COVERAGE-UNKNOWN	[]	Exact docs.rs source listing unavailable: Response status code does not indicate success: 429 ().
vfs	0.13.0	registry+https://github.com/rust-lang/crates.io-index	69d33cbe2ac48f2a446f04c33aef4906078ffd224888df5ae60b7ed401ded771	YES	UNKNOWN		COVERAGE-UNKNOWN	[]	Exact docs.rs source listing unavailable: Response status code does not indicate success: 429 ().
vsimd	0.8.0	registry+https://github.com/rust-lang/crates.io-index	5c3082ca00d5a5ef149bb8b555a72ae84c9c59f7250f013ac822ac2e49b19c64	YES	UNKNOWN		COVERAGE-UNKNOWN	[]	No root legal file found in exact source listing
walkdir	2.5.0	registry+https://github.com/rust-lang/crates.io-index	29790946404f91d9c5d06f9874efddea1dc06c5efe94541a7d6863108e3a5e4b	YES	UNKNOWN		COVERAGE-UNKNOWN	[]	 Legal fetch failed: COPYING; Legal fetch failed: LICENSE-MIT; Legal fetch failed: UNLICENSE; Root text read but no complete recognized grant established; manual review required
wasi	0.11.1+wasi-snapshot-preview1	registry+https://github.com/rust-lang/crates.io-index	ccf3ec651a847eb01de73ccad15eb7d99f80485de043efb2f370cd654f4ea44b	YES	UNKNOWN		COVERAGE-UNKNOWN	[]	Exact docs.rs source listing unavailable: Response status code does not indicate success: 429 ().
wasip2	1.0.4+wasi-0.2.12	registry+https://github.com/rust-lang/crates.io-index	b67efb37e106e55ce722a510d6b5f9c17f083e5fc79afc2badeb12cc313d9487	YES	UNKNOWN		COVERAGE-UNKNOWN	[]	Exact docs.rs source listing unavailable: Response status code does not indicate success: 429 ().
wasm-bindgen	0.2.126	registry+https://github.com/rust-lang/crates.io-index	4b067c0c11094aef6b7a801c1e34a26affafdf3d051dba08456b868789aaf9a4	YES	UNKNOWN		COVERAGE-UNKNOWN	[]	Exact docs.rs source listing unavailable: Response status code does not indicate success: 429 ().
wasm-bindgen-macro	0.2.126	registry+https://github.com/rust-lang/crates.io-index	167ce5e579f6bcf889c4f7175a8a5a585de84e8ff93976ce393efa5f2837aab1	YES	UNKNOWN		COVERAGE-UNKNOWN	[]	Exact docs.rs source listing unavailable: Response status code does not indicate success: 429 ().
wasm-bindgen-macro-support	0.2.126	registry+https://github.com/rust-lang/crates.io-index	f3997c7839262f4ef12cf90b818d6340c18e80f263f1a94bf157d0ec4420380e	YES	UNKNOWN		COVERAGE-UNKNOWN	[]	Exact docs.rs source listing unavailable: Response status code does not indicate success: 429 ().
wasm-bindgen-shared	0.2.126	registry+https://github.com/rust-lang/crates.io-index	dc1b4cb0cc549fcf58d7dfc081778139b3d283a081644e833e84682ad71cea24	YES	UNKNOWN		COVERAGE-UNKNOWN	[]	Exact docs.rs source listing unavailable: Response status code does not indicate success: 429 ().
winapi-util	0.1.11	registry+https://github.com/rust-lang/crates.io-index	c2a7b1c03c876122aa43f3020e6c3c3ee5c05081c9a00739faf7503aeba10d22	YES	UNKNOWN		COVERAGE-UNKNOWN	[]	Exact docs.rs source listing unavailable: Response status code does not indicate success: 429 ().
windows	0.62.2	registry+https://github.com/rust-lang/crates.io-index	527fadee13e0c05939a6a05d5bd6eec6cd2e3dbd648b9f8e447c6518133d8580	YES	UNKNOWN		COVERAGE-UNKNOWN	[]	Exact docs.rs source listing unavailable: Response status code does not indicate success: 429 ().
windows_aarch64_gnullvm	0.52.6	registry+https://github.com/rust-lang/crates.io-index	32a4622180e7a0ec044bb555404c800bc9fd9ec262ec147edd5989ccd0c02cd3	YES	UNKNOWN		COVERAGE-UNKNOWN	[]	Exact docs.rs source listing unavailable: Response status code does not indicate success: 429 ().
windows_aarch64_msvc	0.52.6	registry+https://github.com/rust-lang/crates.io-index	09ec2a7bb152e2252b53fa7803150007879548bc709c039df7627cabbd05d469	YES	UNKNOWN		COVERAGE-UNKNOWN	[]	Exact docs.rs source listing unavailable: Response status code does not indicate success: 429 ().
windows_i686_gnu	0.52.6	registry+https://github.com/rust-lang/crates.io-index	8e9b5ad5ab802e97eb8e295ac6720e509ee4c243f69d781394014ebfe8bbfa0b	YES	UNKNOWN		COVERAGE-UNKNOWN	[]	 Legal fetch failed: license-apache-2.0; Legal fetch failed: license-mit; Root text read but no complete recognized grant established; manual review required
windows_i686_gnullvm	0.52.6	registry+https://github.com/rust-lang/crates.io-index	0eee52d38c090b3caa76c563b86c3a4bd71ef1a819287c19d586d7334ae8ed66	YES	UNKNOWN		COVERAGE-UNKNOWN	[]	Exact docs.rs source listing unavailable: Response status code does not indicate success: 429 ().
windows_i686_msvc	0.52.6	registry+https://github.com/rust-lang/crates.io-index	240948bc05c5e7c6dabba28bf89d89ffce3e303022809e73deaefe4f6ec56c66	YES	UNKNOWN		COVERAGE-UNKNOWN	[]	 Legal fetch failed: license-apache-2.0; Legal fetch failed: license-mit; Root text read but no complete recognized grant established; manual review required
windows_x86_64_gnu	0.52.6	registry+https://github.com/rust-lang/crates.io-index	147a5c80aabfbf0c7d901cb5895d1de30ef2907eb21fbbab29ca94c5b08b1a78	YES	UNKNOWN		COVERAGE-UNKNOWN	[]	Exact docs.rs source listing unavailable: Response status code does not indicate success: 429 ().
windows_x86_64_gnullvm	0.52.6	registry+https://github.com/rust-lang/crates.io-index	24d5b23dc417412679681396f2b49f3de8c1473deb516bd34410872eff51ed0d	YES	UNKNOWN		COVERAGE-UNKNOWN	[]	Exact docs.rs source listing unavailable: Response status code does not indicate success: 429 ().
windows_x86_64_msvc	0.52.6	registry+https://github.com/rust-lang/crates.io-index	589f6da84c646204747d1270a2a5661ea66ed1cced2631d546fdfb155959f9ec	YES	UNKNOWN		COVERAGE-UNKNOWN	[]	Exact docs.rs source listing unavailable: Response status code does not indicate success: 429 ().
windows-collections	0.3.2	registry+https://github.com/rust-lang/crates.io-index	23b2d95af1a8a14a3c7367e1ed4fc9c20e0a26e79551b1454d72583c97cc6610	YES	UNKNOWN		COVERAGE-UNKNOWN	[]	Exact docs.rs source listing unavailable: Response status code does not indicate success: 429 ().
windows-core	0.62.2	registry+https://github.com/rust-lang/crates.io-index	b8e83a14d34d0623b51dce9581199302a221863196a1dde71a7663a4c2be9deb	YES	UNKNOWN		COVERAGE-UNKNOWN	[]	Exact docs.rs source listing unavailable: Response status code does not indicate success: 429 ().
windows-future	0.3.2	registry+https://github.com/rust-lang/crates.io-index	e1d6f90251fe18a279739e78025bd6ddc52a7e22f921070ccdc67dde84c605cb	YES	UNKNOWN		COVERAGE-UNKNOWN	[]	Exact docs.rs source listing unavailable: Response status code does not indicate success: 429 ().
windows-implement	0.60.2	registry+https://github.com/rust-lang/crates.io-index	053e2e040ab57b9dc951b72c264860db7eb3b0200ba345b4e4c3b14f67855ddf	YES	UNKNOWN		COVERAGE-UNKNOWN	[]	Exact docs.rs source listing unavailable: Response status code does not indicate success: 429 ().
windows-interface	0.59.3	registry+https://github.com/rust-lang/crates.io-index	3f316c4a2570ba26bbec722032c4099d8c8bc095efccdc15688708623367e358	YES	UNKNOWN		COVERAGE-UNKNOWN	[]	 Legal fetch failed: license-apache-2.0; Legal fetch failed: license-mit; Root text read but no complete recognized grant established; manual review required
windows-link	0.2.1	registry+https://github.com/rust-lang/crates.io-index	f0805222e57f7521d6a62e36fa9163bc891acd422f971defe97d64e70d0a4fe5	YES	UNKNOWN		COVERAGE-UNKNOWN	[]	Exact docs.rs source listing unavailable: Response status code does not indicate success: 429 ().
windows-numerics	0.3.1	registry+https://github.com/rust-lang/crates.io-index	6e2e40844ac143cdb44aead537bbf727de9b044e107a0f1220392177d15b0f26	YES	UNKNOWN		COVERAGE-UNKNOWN	[]	Exact docs.rs source listing unavailable: Response status code does not indicate success: 429 ().
windows-result	0.4.1	registry+https://github.com/rust-lang/crates.io-index	7781fa89eaf60850ac3d2da7af8e5242a5ea78d1a11c49bf2910bb5a73853eb5	YES	GRANT-TEXT-VERIFIED	Apache-2.0	APPROVED-WITH-OBLIGATIONS	[{"url":"https://docs.rs/crate/windows-result/0.4.1/source/license-apache-2.0","sha256":"c16f8dcf1a368b83be78d826ea23de4079fe1b4469a0ab9ee20563f37ff3d44b","bytes":11351,"grant":"Apache-2.0"}]	 Legal fetch failed: license-mit;
windows-strings	0.5.1	registry+https://github.com/rust-lang/crates.io-index	7837d08f69c77cf6b07689544538e017c1bfcf57e34b4c0ff58e6c2cd3b37091	YES	UNKNOWN		COVERAGE-UNKNOWN	[]	Exact docs.rs source listing unavailable: Response status code does not indicate success: 429 ().
windows-sys	0.59.0	registry+https://github.com/rust-lang/crates.io-index	1e38bc4d79ed67fd075bcc251a1c39b32a1776bbe92e5bef1f0bf1f8c531853b	YES	UNKNOWN		COVERAGE-UNKNOWN	[]	Exact docs.rs source listing unavailable: Response status code does not indicate success: 429 ().
windows-sys	0.61.2	registry+https://github.com/rust-lang/crates.io-index	ae137229bcbd6cdf0f7b80a31df61766145077ddf49416a728b02cb3921ff3fc	YES	UNKNOWN		COVERAGE-UNKNOWN	[]	Exact docs.rs source listing unavailable: Response status code does not indicate success: 429 ().
windows-targets	0.52.6	registry+https://github.com/rust-lang/crates.io-index	9b724f72796e036ab90c1021d4780d4d3d648aca59e491e6b98e725b84e99973	YES	UNKNOWN		COVERAGE-UNKNOWN	[]	Exact docs.rs source listing unavailable: Response status code does not indicate success: 429 ().
windows-threading	0.2.1	registry+https://github.com/rust-lang/crates.io-index	3949bd5b99cafdf1c7ca86b43ca564028dfe27d66958f2470940f73d86d75b37	YES	UNKNOWN		COVERAGE-UNKNOWN	[]	Exact docs.rs source listing unavailable: Response status code does not indicate success: 429 ().
wit-bindgen	0.57.1	registry+https://github.com/rust-lang/crates.io-index	1ebf944e87a7c253233ad6766e082e3cd714b5d03812acc24c318f549614536e	YES	UNKNOWN		COVERAGE-UNKNOWN	[]	Exact docs.rs source listing unavailable: Response status code does not indicate success: 429 ().
xxhash-rust	0.8.18	registry+https://github.com/rust-lang/crates.io-index	aee1b19627c7c60102ab80d3a9cbe18de90bfe03bfa6c3715447681f0e8c8af6	YES	UNKNOWN		COVERAGE-UNKNOWN	[]	Exact docs.rs source listing unavailable: Response status code does not indicate success: 429 ().
yansi	1.0.1	registry+https://github.com/rust-lang/crates.io-index	cfe53a6657fd280eaa890a3bc59152892ffa3e30101319d168b781ed6529b049	YES	UNKNOWN		COVERAGE-UNKNOWN	[]	Exact docs.rs source listing unavailable: Response status code does not indicate success: 429 ().
zerocopy	0.8.54	registry+https://github.com/rust-lang/crates.io-index	b7cbbc0a705a0fd05cc3676525980d2bf5a9bc4adac6d6475209a7887cf59d19	YES	UNKNOWN		COVERAGE-UNKNOWN	[]	Exact docs.rs source listing unavailable: Response status code does not indicate success: 429 ().
zerocopy-derive	0.8.54	registry+https://github.com/rust-lang/crates.io-index	e2e817b7b52d0c7358d3246da9d69935ebb18116b2b102b4230dac079b4862f5	YES	UNKNOWN		COVERAGE-UNKNOWN	[]	Exact docs.rs source listing unavailable: Response status code does not indicate success: 429 ().
zlib-rs	0.6.6	registry+https://github.com/rust-lang/crates.io-index	b142a20ec14a91d5bc708c1dc21b080c550113d8aa77afa29635673a65dd02c5	YES	UNKNOWN		COVERAGE-UNKNOWN	[]	Exact docs.rs source listing unavailable: Response status code does not indicate success: 429 ().
zmij	1.0.23	registry+https://github.com/rust-lang/crates.io-index	29666d0abbfad1e3dc4dcf6144730dd3a3ab225bbbdac83319345b1b44ccfc1b	YES	UNKNOWN		COVERAGE-UNKNOWN	[]	Exact docs.rs source listing unavailable: Response status code does not indicate success: 429 ().
